Active Occupant Activity Statistics (derived from the TUS survey data.),,,,,,,,,,,,,,,,,,,,,,,,,,,,,,,,,,,,,,,,,,,,,,,,,,,,,,,,,,,,,,,,,,,,,,,,,,,,,,,,,,,,,,,,,,,,,,,,,,,,,,,,,,,,,,,,,,,,,,,,,,,,,,,,,,,,,,,,,,,,,,,,,,
,,,,,,,,,,,,,,,,,,,,,,,,,,,,,,,,,,,,,,,,,,,,,,,,,,,,,,,,,,,,,,,,,,,,,,,,,,,,,,,,,,,,,,,,,,,,,,,,,,,,,,,,,,,,,,,,,,,,,,,,,,,,,,,,,,,,,,,,,,,,,,,,,,
,Active,,Proportion of households where at least one occupant is engaged in a particular activity during a particular ten minute period,,,,,,,,,,,,,,,,,,,,,,,,,,,,,,,,,,,,,,,,,,,,,,,,,,,,,,,,,,,,,,,,,,,,,,,,,,,,,,,,,,,,,,,,,,,,,,,,,,,,,,,,,,,,,,,,,,,,,,,,,,,,,,,,,,,,,,,,,,,,,,,
,occupant,,"For example, between 00:00 and 00:10 (time period 1), the proportion of households with one active occupant watching TV on a weekday is 0.322.",,,,,,,,,,,,,,,,,,,,,,,,,,,,,,,,,,,,,,,,,,,,,,,,,,,,,,,,,,,,,,,,,,,,,,,,,,,,,,,,,,,,,,,,,,,,,,,,,,,,,,,,,,,,,,,,,,,,,,,,,,,,,,,,,,,,,,,,,,,,,,,
Weekend flag,count,Activity name,Ten-minute period number,,,,,,,,,,,,,,,,,,,,,,,,,,,,,,,,,,,,,,,,,,,,,,,,,,,,,,,,,,,,,,,,,,,,,,,,,,,,,,,,,,,,,,,,,,,,,,,,,,,,,,,,,,,,,,,,,,,,,,,,,,,,,,,,,,,,,,,,,,,,,,,
(boolean),(n),,1,2,3,4,5,6,7,8,9,10,11,12,13,14,15,16,17,18,19,20,21,22,23,24,25,26,27,28,29,30,31,32,33,34,35,36,37,38,39,40,41,42,43,44,45,46,47,48,49,50,51,52,53,54,55,56,57,58,59,60,61,62,63,64,65,66,67,68,69,70,71,72,73,74,75,76,77,78,79,80,81,82,83,84,85,86,87,88,89,90,91,92,93,94,95,96,97,98,99,100,101,102,103,104,105,106,107,108,109,110,111,112,113,114,115,116,117,118,119,120,121,122,123,124,125,126,127,128,129,130,131,132,133,134,135,136,137,138,139,140,141,142,143,144
0,0,Act_TV,0,0,0,0,0,0,0,0,0,0,0,0,0,0,0,0,0,0,0,0,0,0,0,0,0,0,0,0,0,0,0,0,0,0,0,0,0,0,0,0,0,0,0,0,0,0,0,0,0,0,0,0,0,0,0,0,0,0,0,0,0,0,0,0,0,0,0,0,0,0,0,0,0,0,0,0,0,0,0,0,0,0,0,0,0,0,0,0,0,0,0,0,0,0,0,0,0,0,0,0,0,0,0,0,0,0,0,0,0,0,0,0,0,0,0,0,0,0,0,0,0,0,0,0,0,0,0,0,0,0,0,0,0,0,0,0,0,0,0,0,0,0,0,0
0,0,Act_Cooking,0,0,0,0,0,0,0,0,0,0,0,0,0,0,0,0,0,0,0,0,0,0,0,0,0,0,0,0,0,0,0,0,0,0,0,0,0,0,0,0,0,0,0,0,0,0,0,0,0,0,0,0,0,0,0,0,0,0,0,0,0,0,0,0,0,0,0,0,0,0,0,0,0,0,0,0,0,0,0,0,0,0,0,0,0,0,0,0,0,0,0,0,0,0,0,0,0,0,0,0,0,0,0,0,0,0,0,0,0,0,0,0,0,0,0,0,0,0,0,0,0,0,0,0,0,0,0,0,0,0,0,0,0,0,0,0,0,0,0,0,0,0,0,0
0,0,Act_Laundry,0,0,0,0,0,0,0,0,0,0,0,0,0,0,0,0,0,0,0,0,0,0,0,0,0,0,0,0,0,0,0,0,0,0,0,0,0,0,0,0,0,0,0,0,0,0,0,0,0,0,0,0,0,0,0,0,0,0,0,0,0,0,0,0,0,0,0,0,0,0,0,0,0,0,0,0,0,0,0,0,0,0,0,0,0,0,0,0,0,0,0,0,0,0,0,0,0,0,0,0,0,0,0,0,0,0,0,0,0,0,0,0,0,0,0,0,0,0,0,0,0,0,0,0,0,0,0,0,0,0,0,0,0,0,0,0,0,0,0,0,0,0,0,0
0,0,Act_WashDress,0,0,0,0,0,0,0,0,0,0,0,0,0,0,0,0,0,0,0,0,0,0,0,0,0,0,0,0,0,0,0,0,0,0,0,0,0,0,0,0,0,0,0,0,0,0,0,0,0,0,0,0,0,0,0,0,0,0,0,0,0,0,0,0,0,0,0,0,0,0,0,0,0,0,0,0,0,0,0,0,0,0,0,0,0,0,0,0,0,0,0,0,0,0,0,0,0,0,0,0,0,0,0,0,0,0,0,0,0,0,0,0,0,0,0,0,0,0,0,0,0,0,0,0,0,0,0,0,0,0,0,0,0,0,0,0,0,0,0,0,0,0,0,0
0,0,Act_Iron,0,0,0,0,0,0,0,0,0,0,0,0,0,0,0,0,0,0,0,0,0,0,0,0,0,0,0,0,0,0,0,0,0,0,0,0,0,0,0,0,0,0,0,0,0,0,0,0,0,0,0,0,0,0,0,0,0,0,0,0,0,0,0,0,0,0,0,0,0,0,0,0,0,0,0,0,0,0,0,0,0,0,0,0,0,0,0,0,0,0,0,0,0,0,0,0,0,0,0,0,0,0,0,0,0,0,0,0,0,0,0,0,0,0,0,0,0,0,0,0,0,0,0,0,0,0,0,0,0,0,0,0,0,0,0,0,0,0,0,0,0,0,0,0
0,0,Act_HouseClean,0,0,0,0,0,0,0,0,0,0,0,0,0,0,0,0,0,0,0,0,0,0,0,0,0,0,0,0,0,0,0,0,0,0,0,0,0,0,0,0,0,0,0,0,0,0,0,0,0,0,0,0,0,0,0,0,0,0,0,0,0,0,0,0,0,0,0,0,0,0,0,0,0,0,0,0,0,0,0,0,0,0,0,0,0,0,0,0,0,0,0,0,0,0,0,0,0,0,0,0,0,0,0,0,0,0,0,0,0,0,0,0,0,0,0,0,0,0,0,0,0,0,0,0,0,0,0,0,0,0,0,0,0,0,0,0,0,0,0,0,0,0,0,0
0,1,Act_TV,0.322097378,0.329927007,0.336617406,0.319444444,0.336244541,0.304668305,0.252707581,0.273858921,0.286384977,0.284210526,0.293785311,0.251497006,0.181818182,0.176470588,0.166666667,0.156716418,0.166666667,0.140625,0.120300752,0.105263158,0.104,0.105769231,0.094827586,0.056074766,0.114583333,0.104761905,0.090163934,0.099236641,0.090277778,0.071005917,0.056910569,0.068965517,0.060498221,0.06875,0.072022161,0.083900227,0.058461538,0.047361299,0.048367594,0.04491018,0.053393665,0.035274815,0.037531807,0.033775633,0.048766495,0.048317047,0.048439182,0.050743209,0.052353506,0.056747735,0.060028585,0.057087567,0.061056952,0.062734584,0.068146618,0.07313357,0.073808303,0.076219512,0.082944531,0.081109925,0.076496674,0.083754918,0.090234152,0.090694935,0.103468548,0.112160567,0.103825137,0.10842627,0.115027829,0.102516882,0.108478803,0.10529595,0.087965791,0.100973236,0.110643416,0.118266979,0.128661689,0.13298791,0.13549832,0.150922303,0.158536585,0.165831942,0.176209005,0.184062851,0.173250564,0.169109357,0.174844896,0.17214043,0.173962479,0.16910474,0.160023795,0.161651917,0.174780059,0.18020595,0.182369146,0.186477644,0.203993524,0.212379936,0.219499201,0.223958333,0.218461538,0.206807633,0.190647482,0.198166072,0.204218107,0.214905564,0.213123093,0.236075626,0.261820031,0.26710593,0.28113879,0.281297516,0.282245827,0.303662258,0.350949205,0.362940276,0.402439024,0.437815976,0.45336008,0.454775139,0.454452405,0.475435005,0.481878509,0.495893224,0.517967146,0.523421589,0.530726257,0.544494721,0.559043348,0.555996036,0.570503239,0.525705645,0.468608739,0.492416582,0.493606138,0.465463918,0.457352172,0.44278607,0.394624313,0.389986825,0.381153305,0.350863422,0.351045296,0.357862903
0,1,Act_Cooking,0.02247191,0.01459854,0.014778325,0.01984127,0.019650655,0.022113022,0.018050542,0.008298755,0,0.005263158,0.011299435,0.017964072,0.019480519,0.029411765,0.027777778,0.007462687,0.015873016,0.03125,0.022556391,0.037593985,0.032,0.038461538,0.025862069,0.028037383,0.052083333,0.076190476,0.098360656,0.045801527,0.069444444,0.100591716,0.097560976,0.111111111,0.142348754,0.115625,0.121883657,0.10430839,0.132307692,0.121786198,0.143893591,0.149700599,0.134841629,0.143560295,0.14821883,0.145958987,0.14400459,0.155808903,0.158234661,0.166068683,0.13832853,0.14115403,0.128156265,0.14175133,0.131862494,0.134048257,0.124419205,0.119349924,0.11173757,0.113821138,0.099533437,0.098185699,0.095898004,0.0871276,0.081667619,0.075971731,0.073486185,0.086186541,0.095931998,0.088599752,0.098330241,0.108655617,0.127805486,0.160747664,0.192425168,0.183090024,0.167769092,0.182669789,0.17863297,0.188255613,0.200447928,0.148686417,0.138026608,0.121869783,0.10561423,0.094837262,0.118510158,0.103156708,0.087986464,0.093997735,0.089255259,0.084844939,0.104699584,0.099705015,0.11202346,0.109267735,0.112396694,0.148309706,0.175930923,0.1547492,0.167820991,0.196354167,0.202051282,0.232078391,0.261562179,0.251655629,0.235596708,0.225114855,0.232451679,0.219724067,0.204880529,0.187531678,0.179969497,0.178915357,0.167425392,0.15768057,0.138019497,0.120469627,0.111280488,0.102628918,0.082748245,0.079838302,0.069089048,0.061924258,0.059213885,0.066735113,0.052874743,0.059572301,0.056373794,0.050276521,0.050822123,0.044598612,0.036870952,0.045866935,0.06027122,0.037411527,0.039386189,0.039175258,0.027734171,0.028745163,0.028711057,0.022397892,0.026019691,0.029042386,0.025261324,0.02016129
0,1,Act_Laundry,0,0.001459854,0,0,0,0.002457002,0,0,0,0,0,0,0,0,0,0,0,0,0,0,0,0,0,0,0,0.00952381,0,0,0,0.00591716,0,0,0.010676157,0.0125,0.005540166,0.004535147,0.006153846,0.01082544,0.013301088,0.008982036,0.009049774,0.00902379,0.010814249,0.015681544,0.01319564,0.014115092,0.01722282,0.013326499,0.018251681,0.014783023,0.02143878,0.029995162,0.031811185,0.027345845,0.035105834,0.034535297,0.033316248,0.038617886,0.039917055,0.039487727,0.036031042,0.038223721,0.037121645,0.040047114,0.0446796,0.040731995,0.038858531,0.034696406,0.034013605,0.032535298,0.034912718,0.038629283,0.033598045,0.033454988,0.031268791,0.026932084,0.022975302,0.020149683,0.020156775,0.016769145,0.015521064,0.020589872,0.02167871,0.029741863,0.024266366,0.025930101,0.020868584,0.024348811,0.019897669,0.0187244,0.02082094,0.017109145,0.019354839,0.016590389,0.016528926,0.011995638,0.017808958,0.018676628,0.014384656,0.014583333,0.014871795,0.010830325,0.011819116,0.009679063,0.010288066,0.007146503,0.007121058,0.005109862,0.009150991,0.004561581,0.006609049,0.007095793,0.008598887,0.006612411,0.007696254,0.00561511,0.005081301,0.004044489,0.007522568,0.006568974,0.005629478,0.003070624,0.003573252,0.005646817,0.006160164,0.00610998,0.008633824,0.003016591,0.003487793,0.002477701,0.003986049,0.003528226,0.004520342,0.003538928,0.002557545,0.002061856,0.002093145,0.002763958,0.001832621,0.001976285,0.00281294,0.003139717,0.00261324,0.003024194
0,1,Act_WashDress,0.123595506,0.093430657,0.068965517,0.103174603,0.089519651,0.085995086,0.144404332,0.112033195,0.107981221,0.073684211,0.101694915,0.137724551,0.136363636,0.073529412,0.0625,0.082089552,0.063492063,0.1015625,0.135338346,0.07518797,0.08,0.057692308,0.155172414,0.14953271,0.291666667,0.295238095,0.262295082,0.244274809,0.298611111,0.337278107,0.37398374,0.30651341,0.256227758,0.353125,0.318559557,0.342403628,0.415384615,0.393775372,0.367593712,0.390219561,0.389140271,0.372436423,0.423664122,0.391435464,0.357429719,0.335504886,0.316469322,0.292157868,0.294908742,0.273247496,0.244402096,0.213352685,0.197024115,0.16997319,0.181208054,0.148298629,0.126601743,0.110772358,0.09849663,0.093383138,0.098115299,0.091624508,0.073672187,0.066548881,0.060552616,0.054899646,0.060716454,0.059479554,0.05318491,0.069981584,0.061720698,0.049844237,0.042761148,0.037712895,0.033674083,0.041569087,0.033314187,0.035693725,0.034154535,0.034097261,0.038248337,0.036171397,0.030016676,0.02637486,0.029909707,0.03156708,0.029328821,0.031710079,0.031836271,0.029256875,0.027364664,0.025958702,0.026392962,0.02173913,0.029752066,0.025627045,0.028602267,0.029348986,0.027171018,0.026041667,0.030769231,0.025270758,0.031346351,0.035659705,0.034979424,0.036242981,0.038657172,0.039345938,0.04168785,0.040040547,0.047280122,0.048150025,0.045017704,0.047812818,0.055413032,0.050025523,0.051321138,0.04752275,0.049648947,0.04598282,0.050665302,0.050153531,0.049004594,0.043634497,0.047227926,0.049389002,0.063484002,0.058320764,0.050822123,0.058473736,0.060787245,0.077620968,0.108990457,0.087967644,0.074680307,0.09742268,0.089481947,0.092868988,0.130116066,0.113306983,0.096343179,0.123233909,0.114111498,0.102822581
0,1,Act_Iron,0,0,0,0,0,0,0,0,0,0,0,0,0,0,0,0,0,0,0,0,0,0,0,0,0,0,0,0,0,0,0,0,0,0,0.002770083,0.002267574,0.001538462,0.00541272,0.007255139,0.008982036,0.009954751,0.007383101,0.005089059,0.006634499,0.007458405,0.00597177,0.00861141,0.007175807,0.004803074,0.003338102,0.004287756,0.006773101,0.007696254,0.010723861,0.01135777,0.012188928,0.015889288,0.017784553,0.01399689,0.013874066,0.014966741,0.01742552,0.022844089,0.028857479,0.026455026,0.029515939,0.035215543,0.033457249,0.034013605,0.031307551,0.032418953,0.031152648,0.025045816,0.024939173,0.019843656,0.016978923,0.020103389,0.017271157,0.018477044,0.017887088,0.021618625,0.025598219,0.032240133,0.033108866,0.03724605,0.042841037,0.045121263,0.043035108,0.045480387,0.03978935,0.036882808,0.033628319,0.031671554,0.027459954,0.027548209,0.022900763,0.022665947,0.021344717,0.023974427,0.022395833,0.022564103,0.023723569,0.015930113,0.017320428,0.019032922,0.014293007,0.012716175,0.012263669,0.00965938,0.01064369,0.010676157,0.013684744,0.01466869,0.013224822,0.013853258,0.013272078,0.014735772,0.01314459,0.016048144,0.01414856,0.016376663,0.015864893,0.014803471,0.012320329,0.013347023,0.011710794,0.008633824,0.008547009,0.010961634,0.006937562,0.005979073,0.005040323,0.003013561,0.002527806,0.002046036,0.001030928,0.003139717,0.003869541,0.004886988,0.006587615,0.006329114,0.003139717,0.00174216,0.001008065
0,1,Act_HouseClean,0.006242197,0.004379562,0.009852217,0.003968254,0.002183406,0.004914005,0.003610108,0.008298755,0,0.005263158,0.005649718,0.005988024,0.012987013,0.014705882,0.013888889,0.02238806,0.007936508,0.0078125,0.007518797,0.015037594,0,0,0,0,0.010416667,0,0,0,0,0,0,0,0.003558719,0.015625,0.011080332,0.011337868,0.007692308,0.01217862,0.014510278,0.021956088,0.025339367,0.025430681,0.02480916,0.025934861,0.031554791,0.039087948,0.049515608,0.04818042,0.057636888,0.067238913,0.081467365,0.099177552,0.124679323,0.138337802,0.153329892,0.177247334,0.196822142,0.216971545,0.221358217,0.21398079,0.216740576,0.224845419,0.227298686,0.23262662,0.221046443,0.207792208,0.196114147,0.184634449,0.165739023,0.159607121,0.145261845,0.130218069,0.100183262,0.095498783,0.087793145,0.075526932,0.070649052,0.066781808,0.068309071,0.066517608,0.071507761,0.081803005,0.087270706,0.09315376,0.088600451,0.091319053,0.087986464,0.090600227,0.08584423,0.086600351,0.079119572,0.071976401,0.062756598,0.059496568,0.056749311,0.052889858,0.048569887,0.050160085,0.04848162,0.0484375,0.044102564,0.035585353,0.034943474,0.032093734,0.030349794,0.0316488,0.032044761,0.027593255,0.024402644,0.023821591,0.024402644,0.030917385,0.028831563,0.028484232,0.025141098,0.031138336,0.024390244,0.023255814,0.025075226,0.022233451,0.023029683,0.017911975,0.018887187,0.016940452,0.017967146,0.013238289,0.012188928,0.010558069,0.009466866,0.007433102,0.008470354,0.010584677,0.014565545,0.015166835,0.007672634,0.006185567,0.008895866,0.006633499,0.007330483,0.007905138,0.006329114,0.002354788,0.006097561,0.008064516
0,2,Act_TV,0.517948718,0.547297297,0.549180328,0.602040816,0.607594937,0.564516129,0.418604651,0.425,0.366666667,0.36,0.380952381,0.45,0.4,0.153846154,0.153846154,0.181818182,0.272727273,0.1,0.111111111,0.166666667,0.142857143,0.25,0.285714286,0.111111111,0,0,0,0,0,0.111111111,0.05,0.033333333,0.096774194,0.114285714,0.117647059,0.14893617,0.068627451,0.05,0.057803468,0.042471042,0.048231511,0.045945946,0.064356436,0.075691412,0.089812332,0.071084337,0.089142857,0.110734463,0.10703043,0.113951012,0.110352673,0.100861009,0.114365411,0.124054463,0.121987952,0.12202381,0.137071651,0.164725458,0.16302521,0.170395869,0.161512027,0.1875,0.20035461,0.210909091,0.225988701,0.214,0.181467181,0.180811808,0.191881919,0.202226345,0.193202147,0.188712522,0.165811966,0.175438596,0.170616114,0.202764977,0.199386503,0.210606061,0.238390093,0.248833593,0.252782194,0.269293924,0.287414966,0.264285714,0.260550459,0.269662921,0.275092937,0.282003711,0.304832714,0.3,0.258715596,0.292553191,0.296540362,0.328928047,0.345945946,0.331168831,0.339002268,0.337349398,0.350206612,0.376267748,0.374878286,0.367688022,0.335971856,0.319095477,0.327371695,0.324344569,0.341321714,0.348656294,0.369565217,0.379581152,0.400385604,0.399350649,0.416827232,0.437579618,0.498730964,0.523809524,0.554648241,0.6043257,0.628970775,0.637003841,0.645201238,0.661330049,0.687615527,0.698181818,0.706844337,0.707331731,0.709503885,0.731227652,0.75921522,0.762184381,0.769004125,0.755319149,0.679725086,0.693559802,0.699404762,0.680567139,0.691800189,0.666312434,0.598601399,0.58101473,0.616895874,0.559405941,0.547752809,0.573426573
0,2,Act_Cooking,0.051282051,0.060810811,0.073770492,0.051020408,0.050632911,0.064516129,0.046511628,0.075,0.066666667,0,0,0.05,0.066666667,0.076923077,0,0.090909091,0.090909091,0.1,0,0,0.285714286,0.125,0.142857143,0,0.2,0,0,0.3,0.375,0.222222222,0,0.3,0.258064516,0.228571429,0.147058824,0.29787234,0.254901961,0.2,0.248554913,0.305019305,0.241157556,0.259459459,0.214521452,0.27510917,0.238605898,0.242168675,0.248,0.232768362,0.258132214,0.204472843,0.208191126,0.209102091,0.205020921,0.187594554,0.219879518,0.188988095,0.177570093,0.174708819,0.18487395,0.141135972,0.140893471,0.128472222,0.117021277,0.14,0.139359699,0.102,0.137065637,0.149446494,0.138376384,0.168831169,0.194991055,0.211640212,0.264957265,0.280701754,0.259083728,0.261136713,0.288343558,0.286363636,0.247678019,0.192846034,0.190779014,0.213464696,0.205782313,0.185714286,0.205504587,0.177902622,0.163568773,0.161410019,0.159851301,0.148148148,0.188990826,0.159574468,0.159802306,0.173274596,0.206756757,0.193506494,0.265306122,0.26177437,0.27892562,0.280933063,0.301850049,0.337047354,0.361477573,0.368509213,0.357698289,0.35505618,0.351488744,0.321782178,0.300271739,0.286649215,0.26092545,0.262987013,0.255619782,0.248407643,0.20748731,0.192982456,0.175251256,0.143129771,0.118805591,0.112035851,0.107739938,0.096674877,0.086260012,0.081818182,0.084797093,0.09375,0.086670652,0.071513707,0.062425684,0.0622431,0.067177372,0.060700876,0.083848797,0.065109696,0.056547619,0.052543786,0.058435438,0.046758767,0.058741259,0.052373159,0.055009823,0.059405941,0.058988764,0.055944056
0,2,Act_Laundry,0.005128205,0,0.008196721,0.010204082,0.012658228,0.016129032,0.023255814,0,0,0,0,0,0,0,0,0,0,0,0,0,0,0,0,0,0,0,0,0,0,0,0,0,0,0,0,0.021276596,0,0,0.005780347,0.003861004,0.006430868,0.010810811,0.004950495,0.008733624,0.009383378,0.013253012,0.016,0.020338983,0.026232949,0.020234292,0.022753129,0.034440344,0.041841004,0.060514372,0.042168675,0.040178571,0.054517134,0.053244592,0.05210084,0.055077453,0.056701031,0.057291667,0.065602837,0.063636364,0.071563089,0.07,0.063706564,0.062730627,0.060885609,0.059369202,0.060822898,0.061728395,0.041025641,0.038277512,0.037914692,0.033794163,0.036809816,0.028787879,0.023219814,0.023328149,0.030206677,0.027914614,0.037414966,0.026785714,0.029357798,0.037453184,0.050185874,0.042671614,0.031598513,0.027777778,0.027522936,0.024822695,0.024711697,0.024963289,0.027027027,0.032467532,0.030612245,0.030668127,0.021694215,0.029411765,0.024342746,0.017641597,0.007915567,0.010050251,0.011664075,0.012734082,0.013798112,0.012729844,0.012228261,0.015706806,0.01092545,0.015584416,0.012202954,0.007643312,0.009517766,0.006265664,0.009422111,0.00826972,0.010800508,0.007042254,0.00619195,0.005541872,0.004929144,0.006666667,0.004845548,0.0078125,0.005379558,0.005363528,0.010107015,0.008807986,0.002946376,0.002503129,0.006872852,0.006369427,0.005952381,0.004170142,0.003770028,0.001062699,0.004195804,0.003273322,0.001964637,0.007425743,0.005617978,0
0,2,Act_WashDress,0.215384615,0.182432432,0.221311475,0.255102041,0.164556962,0.177419355,0.255813953,0.2,0.233333333,0.2,0.285714286,0.25,0.133333333,0.076923077,0.076923077,0.181818182,0.090909091,0.1,0.222222222,0,0,0.125,0.142857143,0.333333333,0.6,0.4,0.285714286,0.3,0.125,0.222222222,0.55,0.466666667,0.387096774,0.457142857,0.5,0.531914894,0.598039216,0.592857143,0.566473988,0.532818533,0.546623794,0.575675676,0.592409241,0.537117904,0.55227882,0.543373494,0.486857143,0.48700565,0.466946485,0.455804047,0.459613197,0.41697417,0.364016736,0.322239032,0.334337349,0.333333333,0.288161994,0.267886855,0.247058824,0.222030981,0.250859107,0.225694444,0.191489362,0.161818182,0.152542373,0.122,0.127413127,0.121771218,0.118081181,0.113172542,0.110912343,0.08994709,0.071794872,0.066985646,0.06793049,0.076804916,0.070552147,0.053030303,0.054179567,0.051321928,0.038155803,0.036124795,0.047619048,0.048214286,0.049541284,0.052434457,0.048327138,0.035250464,0.035315985,0.027777778,0.053211009,0.039007092,0.057660626,0.061674009,0.064864865,0.061038961,0.057823129,0.060240964,0.064049587,0.054766734,0.052580331,0.04735376,0.065963061,0.070351759,0.067651633,0.062172285,0.06681191,0.079207921,0.084918478,0.090968586,0.089974293,0.098051948,0.104688504,0.097452229,0.103426396,0.107769424,0.097361809,0.090966921,0.082592122,0.078104994,0.081733746,0.083128079,0.077634011,0.088484848,0.090854028,0.097956731,0.108188882,0.096543504,0.085017836,0.086318262,0.088391279,0.111389237,0.18556701,0.154989384,0.161458333,0.171809842,0.173421301,0.170031881,0.212587413,0.178396072,0.133595285,0.190594059,0.16011236,0.164335664
0,2,Act_Iron,0.005128205,0.006756757,0,0,0,0,0,0,0,0,0,0,0,0,0,0,0,0,0,0,0,0,0,0,0,0,0,0,0,0,0,0,0,0,0,0,0.029411765,0.007142857,0,0.007722008,0.009646302,0.002702703,0.004950495,0.00727802,0.006702413,0.008433735,0.009142857,0.007909605,0.004197272,0.004259851,0.004550626,0.002460025,0.0027894,0.004538578,0.006024096,0.005952381,0.007788162,0.014975042,0.020168067,0.030981067,0.034364261,0.034722222,0.042553191,0.041818182,0.037664783,0.044,0.05019305,0.05904059,0.055350554,0.048237477,0.04293381,0.031746032,0.025641026,0.022328549,0.017377567,0.016897081,0.012269939,0.012121212,0.018575851,0.021772939,0.027027027,0.031198686,0.034013605,0.0375,0.033027523,0.039325843,0.039033457,0.042671614,0.053903346,0.061111111,0.049541284,0.05141844,0.052718287,0.04845815,0.047297297,0.044155844,0.034013605,0.035049288,0.037190083,0.029411765,0.029211295,0.024141133,0.019349164,0.01758794,0.016329705,0.011985019,0.013798112,0.012022631,0.00951087,0.013743455,0.016709512,0.018181818,0.017983301,0.01910828,0.020304569,0.023809524,0.023869347,0.02480916,0.027318933,0.025608195,0.026006192,0.025246305,0.025878004,0.020606061,0.018170806,0.019230769,0.016138673,0.016090584,0.014863258,0.014679977,0.011196229,0.013767209,0.011683849,0.010615711,0.011904762,0.009174312,0.007540057,0.007438895,0.002797203,0.001636661,0.003929273,0.004950495,0.005617978,0.01048951
0,2,Act_HouseClean,0.025641026,0.013513514,0.008196721,0.020408163,0,0,0,0,0,0,0,0,0,0,0,0,0,0,0,0,0,0,0,0,0,0.2,0.142857143,0.1,0.125,0,0,0,0.032258065,0.028571429,0.088235294,0.063829787,0.029411765,0.028571429,0.034682081,0.030888031,0.025723473,0.037837838,0.0330033,0.03930131,0.057640751,0.04939759,0.065142857,0.070056497,0.058761805,0.091586794,0.114903299,0.127921279,0.154811715,0.186081694,0.207831325,0.211309524,0.208722741,0.237936772,0.272268908,0.270223752,0.264604811,0.269097222,0.278368794,0.263636364,0.256120527,0.266,0.239382239,0.219557196,0.217712177,0.20593692,0.186046512,0.19047619,0.133333333,0.114832536,0.09478673,0.092165899,0.078220859,0.074242424,0.063467492,0.068429238,0.073131955,0.093596059,0.090136054,0.096428571,0.095412844,0.095505618,0.100371747,0.105751391,0.104089219,0.096296296,0.078899083,0.085106383,0.075782537,0.067547724,0.059459459,0.053246753,0.047619048,0.052573932,0.050619835,0.050709939,0.044790652,0.032497679,0.036939314,0.041876047,0.044323484,0.038202247,0.034858388,0.030410184,0.036684783,0.037958115,0.046915167,0.037012987,0.040462428,0.038853503,0.025380711,0.028195489,0.027638191,0.022264631,0.027954257,0.02368758,0.026625387,0.030788177,0.028958718,0.023636364,0.024833434,0.019831731,0.02630006,0.019666269,0.016052319,0.019964768,0.020624632,0.018147685,0.012371134,0.014861996,0.009672619,0.021684737,0.016965127,0.012752391,0.012587413,0.019639935,0.013752456,0.017326733,0.025280899,0.027972028
0,3,Act_TV,0.904761905,0.823529412,0.692307692,0.7,0.833333333,0.714285714,0,0,0,0,0,0,0,0,0,0,0,0,0,0,1,0,0,0,0,0,0,0,0,0,0,0,0,0,0,0,0,0,0,0,0.034482759,0.153846154,0.063492063,0.116883117,0.179347826,0.167381974,0.176211454,0.24,0.210045662,0.226600985,0.238709677,0.285714286,0.333333333,0.382978723,0.346938776,0.362068966,0.421052632,0.433333333,0.5,0.5,0.456521739,0.37254902,0.344827586,0.392156863,0.38,0.423076923,0.327272727,0.333333333,0.367346939,0.363636364,0.363636364,0.4,0.303571429,0.410714286,0.428571429,0.46969697,0.387096774,0.339285714,0.442307692,0.392857143,0.531914894,0.47826087,0.408163265,0.395833333,0.263157895,0.325,0.43902439,0.473684211,0.463414634,0.567567568,0.5,0.461538462,0.472222222,0.56043956,0.526785714,0.5,0.51369863,0.508379888,0.553672316,0.549019608,0.557522124,0.522267206,0.485294118,0.488372093,0.519480519,0.52722063,0.546478873,0.562005277,0.538265306,0.549118388,0.565756824,0.531764706,0.577669903,0.593052109,0.650485437,0.686893204,0.701204819,0.736470588,0.759036145,0.768292683,0.792405063,0.812807882,0.806763285,0.78960396,0.789346247,0.815189873,0.820375335,0.802197802,0.841397849,0.860119048,0.848024316,0.823333333,0.821276596,0.831050228,0.772511848,0.770491803,0.795031056,0.820895522,0.823529412,0.790123457,0.811320755,0.860465116,0.875,0.791666667
0,3,Act_Cooking,0.047619048,0.058823529,0,0,0.166666667,0.142857143,0,0,0,0,0,0,0,0,0,0,0,0,0,0,0,0,0,0,0,0,0,0,0,0,0,0,0,0,0,0.5,0.333333333,0.142857143,0.307692308,0.294117647,0.344827586,0.307692308,0.238095238,0.292207792,0.282608696,0.296137339,0.334801762,0.275555556,0.260273973,0.266009852,0.212903226,0.175824176,0.303030303,0.276595745,0.306122449,0.189655172,0.210526316,0.216666667,0.211538462,0.173076923,0.130434783,0.117647059,0.155172414,0.098039216,0.22,0.192307692,0.163636364,0.185185185,0.204081633,0.2,0.181818182,0.22,0.25,0.196428571,0.253968254,0.318181818,0.306451613,0.214285714,0.326923077,0.267857143,0.255319149,0.195652174,0.204081633,0.270833333,0.236842105,0.2,0.097560976,0.131578947,0.146341463,0.216216216,0.159090909,0.192307692,0.263888889,0.307692308,0.258928571,0.289855072,0.369863014,0.301675978,0.361581921,0.387254902,0.389380531,0.441295547,0.452205882,0.411960133,0.415584416,0.386819484,0.383098592,0.364116095,0.354591837,0.327455919,0.287841191,0.287058824,0.279126214,0.248138958,0.225728155,0.223300971,0.185542169,0.174117647,0.139759036,0.119512195,0.111392405,0.103448276,0.101449275,0.081683168,0.084745763,0.101265823,0.117962466,0.10989011,0.094086022,0.080357143,0.075987842,0.086666667,0.076595745,0.059360731,0.085308057,0.114754098,0.068322981,0.067164179,0.049019608,0.086419753,0.075471698,0.093023256,0.03125,0.041666667
0,3,Act_Laundry,0,0,0,0,0,0,0,0,0,0,0,0,0,0,0,0,0,0,0,0,0,0,0,0,0,0,0,0,0,0,0,0,0,0,0,0,0,0,0,0,0.034482759,0,0.015873016,0.025974026,0.043478261,0.025751073,0.026431718,0.04,0.01826484,0.0591133,0.025806452,0.043956044,0.045454545,0.021276596,0.06122449,0.051724138,0.122807018,0.1,0.115384615,0.115384615,0.02173913,0.058823529,0.034482759,0.098039216,0.06,0.057692308,0.090909091,0.055555556,0.081632653,0.090909091,0.036363636,0.04,0.089285714,0.053571429,0.063492063,0.045454545,0.016129032,0.053571429,0.057692308,0.053571429,0.021276596,0.02173913,0.040816327,0.083333333,0.052631579,0.025,0.024390244,0.052631579,0.073170732,0.054054054,0,0.019230769,0.027777778,0.021978022,0.071428571,0.043478261,0.020547945,0.033519553,0.016949153,0.024509804,0.013274336,0.016194332,0.036764706,0.023255814,0.032467532,0.022922636,0.014084507,0.021108179,0.017857143,0.012594458,0.009925558,0.014117647,0.019417476,0.014888337,0.019417476,0.012135922,0.004819277,0.014117647,0.019277108,0.02195122,0.007594937,0.019704433,0.02173913,0.012376238,0.012106538,0.017721519,0.018766756,0.008241758,0.01344086,0.008928571,0.009118541,0,0,0,0.004739336,0.010928962,0,0.02238806,0.009803922,0,0,0,0,0
0,3,Act_WashDress,0.238095238,0.176470588,0.076923077,0.1,0,0.285714286,1,1,0,0,0,0,0,0,0,0,0,0,0,0,0,0,0,0,1,1,0,0,0,0,0,0,0,0,0.666666667,0.75,1,0.857142857,0.769230769,0.823529412,0.862068966,0.794871795,0.865079365,0.772727273,0.77173913,0.716738197,0.709251101,0.715555556,0.689497717,0.699507389,0.593548387,0.626373626,0.439393939,0.468085106,0.510204082,0.5,0.473684211,0.533333333,0.423076923,0.384615385,0.52173913,0.470588235,0.396551724,0.37254902,0.26,0.211538462,0.363636364,0.333333333,0.265306122,0.309090909,0.236363636,0.3,0.196428571,0.214285714,0.174603175,0.212121212,0.129032258,0.107142857,0.076923077,0.160714286,0.127659574,0.086956522,0.06122449,0.0625,0.078947368,0.075,0.097560976,0.131578947,0.170731707,0.135135135,0.068181818,0.134615385,0.125,0.142857143,0.142857143,0.224637681,0.205479452,0.184357542,0.186440678,0.151960784,0.172566372,0.153846154,0.084558824,0.119601329,0.100649351,0.11747851,0.109859155,0.116094987,0.142857143,0.168765743,0.196029777,0.192941176,0.15776699,0.17369727,0.167475728,0.167475728,0.154216867,0.157647059,0.175903614,0.180487805,0.179746835,0.162561576,0.15942029,0.193069307,0.200968523,0.207594937,0.217158177,0.200549451,0.158602151,0.1875,0.164133739,0.196666667,0.34893617,0.255707763,0.232227488,0.300546448,0.242236025,0.276119403,0.323529412,0.234567901,0.150943396,0.162790698,0.125,0.333333333
0,3,Act_Iron,0,0,0,0,0,0,0,0,0,0,0,0,0,0,0,0,0,0,0,0,0,0,0,0,0,0,0,0,0,0,0,0,0,0,0,0,0,0.142857143,0.076923077,0,0,0.025641026,0.023809524,0.025974026,0.016304348,0.021459227,0.017621145,0.004444444,0.01826484,0.009852217,0.019354839,0,0.015151515,0.042553191,0.020408163,0.017241379,0.01754386,0.016666667,0,0.019230769,0.02173913,0.019607843,0.017241379,0,0.02,0.019230769,0.018181818,0.055555556,0.020408163,0.054545455,0.054545455,0.04,0.017857143,0.017857143,0.031746032,0.03030303,0.032258065,0.035714286,0.038461538,0.035714286,0.021276596,0.043478261,0.020408163,0,0.026315789,0.025,0.048780488,0.052631579,0.048780488,0,0.022727273,0.038461538,0.027777778,0.043956044,0.026785714,0.043478261,0.02739726,0.022346369,0.028248588,0.039215686,0.03539823,0.024291498,0.014705882,0.013289037,0.00974026,0.014326648,0.01971831,0.01055409,0.020408163,0.0302267,0.029776675,0.028235294,0.026699029,0.029776675,0.033980583,0.041262136,0.038554217,0.037647059,0.038554217,0.041463415,0.035443038,0.032019704,0.038647343,0.037128713,0.041162228,0.043037975,0.034852547,0.027472527,0.029569892,0.029761905,0.027355623,0.026666667,0.017021277,0.01369863,0.018957346,0.010928962,0,0.007462687,0.009803922,0.012345679,0,0,0,0
0,3,Act_HouseClean,0,0,0,0,0,0,0,0,0,0,0,0,0,0,0,0,0,0,0,0,0,0,0,0,0,0,0,0,0,0,0,0,0,0,0,0,0,0,0,0,0,0.051282051,0.047619048,0.097402597,0.070652174,0.068669528,0.052863436,0.066666667,0.091324201,0.103448276,0.135483871,0.120879121,0.151515152,0.255319149,0.183673469,0.24137931,0.280701754,0.316666667,0.25,0.192307692,0.195652174,0.176470588,0.172413793,0.294117647,0.22,0.192307692,0.236363636,0.259259259,0.265306122,0.218181818,0.254545455,0.28,0.267857143,0.196428571,0.174603175,0.196969697,0.225806452,0.196428571,0.153846154,0.089285714,0.127659574,0.130434783,0.163265306,0.145833333,0.210526316,0.2,0.219512195,0.236842105,0.170731707,0.135135135,0.227272727,0.192307692,0.097222222,0.032967033,0.026785714,0.02173913,0.04109589,0.078212291,0.056497175,0.053921569,0.053097345,0.048582996,0.029411765,0.03654485,0.035714286,0.048710602,0.064788732,0.044854881,0.043367347,0.04534005,0.052109181,0.051764706,0.058252427,0.064516129,0.048543689,0.048543689,0.053012048,0.037647059,0.036144578,0.026829268,0.035443038,0.034482759,0.038647343,0.037128713,0.031476998,0.030379747,0.026809651,0.027472527,0.021505376,0.017857143,0.018237082,0.02,0.017021277,0.01826484,0.023696682,0.016393443,0.031055901,0.007462687,0.009803922,0.012345679,0,0.046511628,0,0
0,4,Act_TV,1,0.5,1,1,1,1,1,1,1,1,1,1,1,1,1,1,1,1,1,1,0,0,0,0,0,0,0,0,0,0,0,0,0,0,0,0,0,0,0,0,0,0,0.08,0.166666667,0.148148148,0.153846154,0.215384615,0.210526316,0.226415094,0.265306122,0.375,0.411764706,0.454545455,0.714285714,0.5,0.545454545,0.615384615,0.75,0.727272727,0.5,0.615384615,0.7,0.555555556,0.5,0.375,0.625,0.5,0.5,0.75,0.75,0.5,0.7,0.857142857,0.875,0.875,0.5,0.571428571,0.333333333,0.571428571,0.545454545,0.384615385,0.555555556,0.666666667,0.8,0.6,0.6,0.5,0.4,0.5,0.333333333,0.4,0.5,0.5,0.470588235,0.538461538,0.566666667,0.58,0.625,0.617021277,0.511111111,0.574468085,0.66,0.588235294,0.61038961,0.623376623,0.6375,0.738636364,0.65625,0.594339623,0.633333333,0.653543307,0.65625,0.649635036,0.638461538,0.68852459,0.75,0.816666667,0.790697674,0.810218978,0.788321168,0.791044776,0.811188811,0.786259542,0.84962406,0.825396825,0.816,0.860465116,0.874074074,0.898305085,0.896551724,0.943925234,0.948051948,0.830508475,0.819672131,0.84,0.880952381,0.866666667,0.92,0.928571429,0.923076923,0.916666667,0.875,1,1
0,4,Act_Cooking,0,0,0,0,0,0,0,0,0,0,0,0,0,0,0,0,0,0,0,0,0,0,0,0,0,0,0,0,0,0,0,0,0,0,0,0,0,0,0,0,0,0.285714286,0.28,0.380952381,0.407407407,0.384615385,0.430769231,0.438596491,0.245283019,0.224489796,0.25,0.117647059,0.181818182,0,0.7,0.636363636,0.461538462,0.333333333,0.272727273,0.5,0.538461538,0.5,0.111111111,0.625,0.375,0.25,0.125,0.375,0.375,0.25,0.375,0.5,0.142857143,0.625,0.25,0.166666667,0.142857143,0.333333333,0.285714286,0.272727273,0.230769231,0.222222222,0.5,0.2,0.2,0.2,0.4,0.4,0.4,0.444444444,0.3,0.2,0.3,0.411764706,0.269230769,0.4,0.3,0.25,0.234042553,0.422222222,0.361702128,0.44,0.514705882,0.467532468,0.38961039,0.4125,0.409090909,0.364583333,0.386792453,0.358333333,0.338582677,0.296875,0.248175182,0.307692308,0.278688525,0.215517241,0.225,0.209302326,0.138686131,0.160583942,0.119402985,0.132867133,0.167938931,0.15037594,0.174603175,0.16,0.124031008,0.125925926,0.076271186,0.120689655,0.065420561,0.051948052,0.152542373,0.131147541,0.16,0.119047619,0.1,0.08,0,0.076923077,0,0,0,0
0,4,Act_Laundry,0,0,0,0,0,0,0,0,0,0,0,0,0,0,0,0,0,0,0,0,0,0,0,0,0,0,0,0,0,0,0,0,0,0,0,0,0,0,0,0,0,0,0,0.023809524,0.018518519,0.046153846,0.015384615,0.01754386,0.018867925,0.020408163,0.041666667,0.058823529,0,0.142857143,0,0,0.076923077,0,0,0,0.076923077,0,0,0,0.125,0.125,0,0,0,0,0.125,0,0,0,0.125,0.166666667,0.142857143,0,0,0,0.076923077,0.222222222,0.166666667,0,0,0.2,0,0,0,0,0.1,0.1,0.2,0.117647059,0.038461538,0.066666667,0.04,0.041666667,0.021276596,0.022222222,0.042553191,0.04,0.058823529,0.012987013,0.012987013,0.0125,0.011363636,0.020833333,0.018867925,0.025,0.023622047,0.0078125,0.01459854,0.030769231,0.040983607,0.025862069,0.016666667,0,0.00729927,0.01459854,0.037313433,0.034965035,0.015267176,0.015037594,0.007936508,0.016,0.015503876,0.007407407,0.008474576,0.00862069,0,0.012987013,0.016949153,0.016393443,0,0.023809524,0,0,0,0,0,0,0,0
0,4,Act_WashDress,0.5,0.5,0,0,0,0,0,1,0,0,0,0,0,0,0,0,0,0,0,0,0,0,0,0,0,0,0,0,0,0,0,0,0,1,0,0,0,0,0,1,1,1,0.84,0.857142857,0.907407407,0.861538462,0.846153846,0.842105263,0.830188679,0.653061224,0.833333333,0.588235294,0.363636364,0.285714286,0.5,0.727272727,0.769230769,0.5,0.727272727,0.7,0.538461538,0.7,0.555555556,0.625,0.5,0.5,0.625,0.125,0,0.125,0.25,0.1,0,0,0.125,0.166666667,0.142857143,0,0.142857143,0.090909091,0.230769231,0.111111111,0.166666667,0.2,0.1,0.2,0.2,0,0,0.111111111,0.3,0.4,0.5,0.411764706,0.307692308,0.233333333,0.24,0.166666667,0.14893617,0.111111111,0.106382979,0.16,0.161764706,0.116883117,0.142857143,0.075,0.125,0.145833333,0.150943396,0.158333333,0.11023622,0.15625,0.175182482,0.138461538,0.213114754,0.181034483,0.166666667,0.170542636,0.182481752,0.233576642,0.253731343,0.258741259,0.229007634,0.285714286,0.277777778,0.216,0.294573643,0.333333333,0.279661017,0.24137931,0.261682243,0.25974026,0.288135593,0.327868852,0.28,0.214285714,0.3,0.2,0.285714286,0.307692308,0.25,0.25,0,0
0,4,Act_Iron,0,0,0,0,0,0,0,0,0,0,0,0,0,0,0,0,0,0,0,0,0,0,0,0,0,0,0,0,0,0,0,0,0,0,0,0,0,0,0,0.25,0,0,0,0,0.037037037,0.030769231,0.015384615,0.01754386,0,0,0,0,0,0,0,0,0.076923077,0,0,0,0,0,0.111111111,0.125,0.25,0.25,0.25,0,0,0,0,0,0,0,0,0,0,0,0,0,0,0,0,0,0,0,0,0.1,0.1,0.111111111,0.1,0,0,0,0,0,0.02,0.020833333,0.021276596,0.022222222,0.021276596,0.02,0.044117647,0.051948052,0.025974026,0.025,0.022727273,0.03125,0.028301887,0.016666667,0.015748031,0.0390625,0.02919708,0,0.024590164,0.034482759,0.025,0.03875969,0.03649635,0.03649635,0.037313433,0.048951049,0.022900763,0.030075188,0.03968254,0.032,0.031007752,0.02962963,0.042372881,0.051724138,0.028037383,0.025974026,0,0,0.02,0,0,0,0,0,0,0,0,0
0,4,Act_HouseClean,0,0,0,0,0,0,0,0,0,0,0,0,0,0,0,0,0,0,0,0,0,0,0,0,0,0,0,0,0,0,0,0,0,0,0,0,0,0,0,0,0.25,0,0.08,0.119047619,0.092592593,0.092307692,0.092307692,0.105263158,0.20754717,0.183673469,0.166666667,0.117647059,0.272727273,0.142857143,0,0.181818182,0.153846154,0.166666667,0.272727273,0.2,0.230769231,0.3,0.333333333,0.125,0.125,0.125,0.125,0.125,0.25,0.25,0,0.2,0.285714286,0.125,0,0,0,0,0.285714286,0.272727273,0.307692308,0.222222222,0.166666667,0.4,0.2,0.2,0.2,0.1,0.1,0.111111111,0.2,0,0.1,0.176470588,0.153846154,0.166666667,0.06,0.041666667,0.063829787,0.133333333,0.106382979,0.12,0.029411765,0.051948052,0.077922078,0.0625,0.068181818,0.0625,0.066037736,0.066666667,0.086614173,0.0859375,0.072992701,0.084615385,0.040983607,0.043103448,0.033333333,0.031007752,0.02919708,0.02189781,0.014925373,0.041958042,0.053435115,0.060150376,0.03968254,0.04,0.069767442,0.037037037,0.059322034,0.034482759,0.028037383,0.012987013,0.016949153,0.032786885,0.02,0.023809524,0.066666667,0.08,0,0,0,0,0,0
0,5,Act_TV,1,1,1,1,1,0,0,0,0,0,0,0,0,0,0,0,0,0,0,0,0,0,0,0,0,0,0,0,0,0,0,0,0,0,0,0,0,0,0,0,0,0,0,0,0,0.285714286,0.166666667,0.333333333,0.272727273,0.5,0.5,0,0,0,1,1,1,0,1,1,1,0.666666667,0.5,0.666666667,0.75,0.5,0.5,0.5,0.5,0.5,0.75,0.333333333,0.666666667,0.666666667,0.666666667,0.75,0.75,0.75,0.75,0.5,0.5,0.5,1,1,0.5,1,1,0.75,0.666666667,0.5,1,1,0,0.333333333,0,0.5,0.6,0.571428571,0.875,0.692307692,0.722222222,0.588235294,0.647058824,0.631578947,0.695652174,0.772727273,0.652173913,0.681818182,0.565217391,0.590909091,0.72,0.56,0.714285714,0.739130435,0.681818182,0.727272727,0.894736842,0.888888889,0.842105263,0.842105263,0.761904762,0.739130435,0.833333333,0.851851852,0.896551724,0.952380952,0.95,0.888888889,0.882352941,0.823529412,0.916666667,0.909090909,0.75,0.818181818,1,1,1,0.833333333,1,1,1,1,1,1
0,5,Act_Cooking,0.333333333,1,1,1,1,0,0,0,0,0,0,0,0,0,0,0,0,0,0,0,0,0,0,0,0,0,0,0,0,0,0,0,0,0,0,0,0,0,0,0,0,1,0.428571429,0.166666667,0.5,0.785714286,0.75,0.166666667,0.363636364,0.166666667,0,0,0,0,0.5,0.5,0,0,0,1,0,0.333333333,0.25,0.333333333,0.25,0.25,0.25,0,0,0,0,0,0,0,0,0,0,0.25,0.5,0.5,0.5,0.5,0,0,0.5,0,0,0.75,0.666666667,0.25,1,0.5,0.5,0.333333333,1,0.5,0.4,0.285714286,0,0.461538462,0.444444444,0.411764706,0.294117647,0.421052632,0.347826087,0.318181818,0.47826087,0.409090909,0.304347826,0.318181818,0.48,0.48,0.5,0.434782609,0.272727273,0.272727273,0.315789474,0.277777778,0.263157895,0.210526316,0.333333333,0.347826087,0.291666667,0.111111111,0.068965517,0.19047619,0.1,0.111111111,0.058823529,0.176470588,0.083333333,0.090909091,0.166666667,0.090909091,0.111111111,0,0.166666667,0,0,0,0,0.333333333,0.333333333,0.333333333
0,5,Act_Laundry,0,0,0,0,0,0,0,0,0,0,0,0,0,0,0,0,0,0,0,0,0,0,0,0,0,0,0,0,0,0,0,0,0,0,0,0,0,0,0,0,0,0,0,0.166666667,0,0,0,0,0.090909091,0.166666667,0,0,0,0,0,0,0,0,0,0,0,0,0,0,0,0,0.25,0,0.25,0,0,0,0,0.333333333,0.333333333,0,0,0,0,0,0,0,0,0,0,0,0,0,0,0,0,0.5,0,0,0,0,0,0.142857143,0,0,0,0,0,0,0,0,0,0,0.043478261,0,0,0,0,0,0,0,0,0,0,0,0,0,0,0.037037037,0,0,0,0,0,0,0,0,0,0,0,0,0,0,0,0,0,0,0,0
0,5,Act_WashDress,0.333333333,0,0,0,1,0,0,0,0,0,0,0,0,0,0,0,0,0,0,0,0,0,0,0,0,0,0,0,0,0,0,0,0,0,0,0,0,0,0,0,1,1,0.857142857,1,0.875,0.928571429,0.833333333,1,0.818181818,0.833333333,1,0,0,0,0.5,0,0,0,1,1,0,0.333333333,0.75,0.666666667,0.5,0.75,0.25,0.5,0.5,0.25,0.5,0.333333333,0,0.333333333,0.333333333,0.25,0,0,0,0,0,0,0,0,0.5,0.5,0.5,0.5,0.333333333,0.25,0,0,0.5,0.333333333,0,0.25,0,0,0.25,0.076923077,0.166666667,0.176470588,0.176470588,0.105263158,0,0.181818182,0.260869565,0.272727273,0.260869565,0.090909091,0.16,0.16,0.107142857,0.043478261,0.363636364,0.090909091,0.157894737,0.055555556,0.105263158,0.052631579,0.142857143,0.130434783,0.291666667,0.259259259,0.448275862,0.285714286,0.5,0.333333333,0.411764706,0.235294118,0.166666667,0.363636364,0.333333333,0.272727273,0.222222222,0.25,0.333333333,0.333333333,0,0,0.333333333,0,0.333333333,0
0,5,Act_Iron,0,0,0,0,0,0,0,0,0,0,0,0,0,0,0,0,0,0,0,0,0,0,0,0,0,0,0,0,0,0,0,0,0,0,0,0,0,0,0,0,1,0.5,0.142857143,0,0.125,0,0,0,0,0,0.25,0,0,0,0,0,0,0,0,0,0,0,0,0,0,0,0,0,0,0,0,0,0,0,0,0,0,0,0,0,0,0,0,0,0,0,0,0,0,0.25,0,0,0,0,0,0,0,0,0,0,0.055555556,0.058823529,0.058823529,0,0,0.045454545,0,0,0,0.045454545,0.04,0,0,0,0,0,0,0,0,0,0,0,0.041666667,0.037037037,0.034482759,0,0.05,0.111111111,0.176470588,0.176470588,0.083333333,0,0.083333333,0.090909091,0,0,0,0,0,0,0,0,0,0
0,5,Act_HouseClean,0,0,0,0,0,0,0,0,0,0,0,0,0,0,0,0,0,0,0,0,0,0,0,0,0,0,0,0,0,0,0,0,0,0,0,0,0,0,0,0,0,0,0.142857143,0.166666667,0.125,0,0.083333333,0.5,0.181818182,0.166666667,0.25,0,0,0,0,0,0,0,0,0,1,0.666666667,0.75,0.666666667,1,1,0.5,0.75,0.75,0.75,0.5,0.666666667,0.666666667,0.666666667,1,0.75,0.75,0.75,0.25,0.5,0.5,0.5,0.5,0.5,0,0,0,0.25,0.333333333,0.25,0,0,0.5,0,0,0,0,0,0.125,0,0.111111111,0.117647059,0.117647059,0.105263158,0.086956522,0.136363636,0.043478261,0.181818182,0.086956522,0.045454545,0.12,0.24,0.178571429,0.173913043,0.090909091,0,0.052631579,0,0,0,0.047619048,0.043478261,0.041666667,0.074074074,0.068965517,0,0,0,0,0,0,0.090909091,0.166666667,0.181818182,0.222222222,0,0,0.166666667,0.25,0.25,0.333333333,0.333333333,0,0
1,0,Act_TV,0,0,0,0,0,0,0,0,0,0,0,0,0,0,0,0,0,0,0,0,0,0,0,0,0,0,0,0,0,0,0,0,0,0,0,0,0,0,0,0,0,0,0,0,0,0,0,0,0,0,0,0,0,0,0,0,0,0,0,0,0,0,0,0,0,0,0,0,0,0,0,0,0,0,0,0,0,0,0,0,0,0,0,0,0,0,0,0,0,0,0,0,0,0,0,0,0,0,0,0,0,0,0,0,0,0,0,0,0,0,0,0,0,0,0,0,0,0,0,0,0,0,0,0,0,0,0,0,0,0,0,0,0,0,0,0,0,0,0,0,0,0,0,0
1,0,Act_Cooking,0,0,0,0,0,0,0,0,0,0,0,0,0,0,0,0,0,0,0,0,0,0,0,0,0,0,0,0,0,0,0,0,0,0,0,0,0,0,0,0,0,0,0,0,0,0,0,0,0,0,0,0,0,0,0,0,0,0,0,0,0,0,0,0,0,0,0,0,0,0,0,0,0,0,0,0,0,0,0,0,0,0,0,0,0,0,0,0,0,0,0,0,0,0,0,0,0,0,0,0,0,0,0,0,0,0,0,0,0,0,0,0,0,0,0,0,0,0,0,0,0,0,0,0,0,0,0,0,0,0,0,0,0,0,0,0,0,0,0,0,0,0,0,0
1,0,Act_Laundry,0,0,0,0,0,0,0,0,0,0,0,0,0,0,0,0,0,0,0,0,0,0,0,0,0,0,0,0,0,0,0,0,0,0,0,0,0,0,0,0,0,0,0,0,0,0,0,0,0,0,0,0,0,0,0,0,0,0,0,0,0,0,0,0,0,0,0,0,0,0,0,0,0,0,0,0,0,0,0,0,0,0,0,0,0,0,0,0,0,0,0,0,0,0,0,0,0,0,0,0,0,0,0,0,0,0,0,0,0,0,0,0,0,0,0,0,0,0,0,0,0,0,0,0,0,0,0,0,0,0,0,0,0,0,0,0,0,0,0,0,0,0,0,0
1,0,Act_WashDress,0,0,0,0,0,0,0,0,0,0,0,0,0,0,0,0,0,0,0,0,0,0,0,0,0,0,0,0,0,0,0,0,0,0,0,0,0,0,0,0,0,0,0,0,0,0,0,0,0,0,0,0,0,0,0,0,0,0,0,0,0,0,0,0,0,0,0,0,0,0,0,0,0,0,0,0,0,0,0,0,0,0,0,0,0,0,0,0,0,0,0,0,0,0,0,0,0,0,0,0,0,0,0,0,0,0,0,0,0,0,0,0,0,0,0,0,0,0,0,0,0,0,0,0,0,0,0,0,0,0,0,0,0,0,0,0,0,0,0,0,0,0,0,0
1,0,Act_Iron,0,0,0,0,0,0,0,0,0,0,0,0,0,0,0,0,0,0,0,0,0,0,0,0,0,0,0,0,0,0,0,0,0,0,0,0,0,0,0,0,0,0,0,0,0,0,0,0,0,0,0,0,0,0,0,0,0,0,0,0,0,0,0,0,0,0,0,0,0,0,0,0,0,0,0,0,0,0,0,0,0,0,0,0,0,0,0,0,0,0,0,0,0,0,0,0,0,0,0,0,0,0,0,0,0,0,0,0,0,0,0,0,0,0,0,0,0,0,0,0,0,0,0,0,0,0,0,0,0,0,0,0,0,0,0,0,0,0,0,0,0,0,0,0
1,0,Act_HouseClean,0,0,0,0,0,0,0,0,0,0,0,0,0,0,0,0,0,0,0,0,0,0,0,0,0,0,0,0,0,0,0,0,0,0,0,0,0,0,0,0,0,0,0,0,0,0,0,0,0,0,0,0,0,0,0,0,0,0,0,0,0,0,0,0,0,0,0,0,0,0,0,0,0,0,0,0,0,0,0,0,0,0,0,0,0,0,0,0,0,0,0,0,0,0,0,0,0,0,0,0,0,0,0,0,0,0,0,0,0,0,0,0,0,0,0,0,0,0,0,0,0,0,0,0,0,0,0,0,0,0,0,0,0,0,0,0,0,0,0,0,0,0,0,0
1,1,Act_TV,0.346801347,0.362025316,0.356223176,0.340390879,0.353369763,0.349794239,0.280346821,0.309446254,0.316901408,0.295019157,0.275862069,0.248868778,0.214285714,0.195767196,0.198863636,0.204819277,0.198757764,0.18,0.164285714,0.174603175,0.19266055,0.154545455,0.132743363,0.111111111,0.180722892,0.166666667,0.158878505,0.140350877,0.127118644,0.096551724,0.037634409,0.043243243,0.066666667,0.077625571,0.069767442,0.070588235,0.053475936,0.057356608,0.057077626,0.064516129,0.073170732,0.062222222,0.058044807,0.064454976,0.080686695,0.070996979,0.083758194,0.07661823,0.065797273,0.075417386,0.075757576,0.067487949,0.076760191,0.068627451,0.070121951,0.076271186,0.085279188,0.088888889,0.09375,0.088923557,0.082148499,0.090085288,0.094098884,0.10015983,0.099839829,0.097236982,0.100107066,0.098253275,0.105927552,0.111960677,0.115131579,0.117940199,0.110922467,0.108905275,0.113207547,0.109152928,0.117075957,0.130034522,0.144635448,0.15258216,0.160566706,0.160830861,0.180083482,0.177448071,0.201807229,0.217443973,0.231049121,0.235860409,0.241791045,0.249108205,0.243291592,0.247894103,0.247030879,0.255718475,0.263905325,0.261709602,0.225043278,0.230011587,0.23713129,0.231976744,0.241540257,0.230679837,0.221841052,0.23216308,0.241515837,0.243243243,0.256338028,0.255176273,0.254813137,0.277339346,0.289871293,0.309039548,0.320044919,0.318053198,0.367276888,0.385011442,0.420422133,0.452272727,0.467045455,0.4767642,0.480557168,0.509895227,0.533333333,0.540619521,0.562391178,0.566341183,0.557461407,0.560614684,0.571024335,0.567915036,0.580233204,0.563085399,0.484210526,0.497200448,0.497785161,0.4779978,0.473801561,0.458823529,0.427377892,0.41799308,0.417030568,0.377606178,0.389170897,0.373626374
1,1,Act_Cooking,0.02020202,0.018987342,0.012875536,0.016286645,0.009107468,0.010288066,0.028901734,0.013029316,0.014084507,0.022988506,0.017241379,0.036199095,0.015306122,0.031746032,0.017045455,0.030120482,0.01242236,0.02,0.057142857,0.047619048,0.027522936,0.018181818,0.03539823,0.027777778,0.108433735,0.083333333,0.093457944,0.096491228,0.059322034,0.089655172,0.134408602,0.113513514,0.097435897,0.123287671,0.079069767,0.094117647,0.139037433,0.142144638,0.125570776,0.121442125,0.114982578,0.158518519,0.136456212,0.120379147,0.103862661,0.140483384,0.155134741,0.147952444,0.168346177,0.151986183,0.140852974,0.148366363,0.15246162,0.147574819,0.150914634,0.156530409,0.130964467,0.136950904,0.122395833,0.133645346,0.125329121,0.097547974,0.102073365,0.096430474,0.10197544,0.101487779,0.125802998,0.109716157,0.103732162,0.126706718,0.134320175,0.148947951,0.177136389,0.179807147,0.189251001,0.181353042,0.181610508,0.17433832,0.18731476,0.153169014,0.145218418,0.145994065,0.135957066,0.134124629,0.124698795,0.110841914,0.098241358,0.094464501,0.088358209,0.077288942,0.086463924,0.086642599,0.080760095,0.085630499,0.082248521,0.100117096,0.152914022,0.137311703,0.126662811,0.147093023,0.147024504,0.166182452,0.186392224,0.184597961,0.196266968,0.192004505,0.188732394,0.176273083,0.185164213,0.177564825,0.156127588,0.14180791,0.133071308,0.123938879,0.113272311,0.099542334,0.088990302,0.077272727,0.069318182,0.066551922,0.060940221,0.061117579,0.054385965,0.052016365,0.046430644,0.044801838,0.044025157,0.043255549,0.038483305,0.038010061,0.036091061,0.036914601,0.055401662,0.037513998,0.028792913,0.025852585,0.028985507,0.025882353,0.028920308,0.022145329,0.022561863,0.026254826,0.025380711,0.025641026
1,1,Act_Laundry,0,0.001265823,0.001430615,0.003257329,0.001821494,0,0,0.003257329,0,0,0.004310345,0.004524887,0.005102041,0,0,0,0,0,0,0.007936508,0,0,0,0,0,0,0,0,0,0,0,0.005405405,0,0.00913242,0.004651163,0.015686275,0.010695187,0.009975062,0.00913242,0.011385199,0.013937282,0.004444444,0.012219959,0.015165877,0.016309013,0.013595166,0.017479971,0.019815059,0.010669828,0.014392631,0.015151515,0.016604178,0.019587083,0.024251806,0.024898374,0.024925224,0.031472081,0.034108527,0.028125,0.024960998,0.030015798,0.031982942,0.027113238,0.038891849,0.039508809,0.032412327,0.038008565,0.034934498,0.038419319,0.032768979,0.03125,0.033222591,0.036219581,0.035167328,0.026300743,0.026151222,0.019988578,0.017836594,0.018968583,0.014084507,0.020661157,0.020178042,0.016100179,0.016023739,0.01686747,0.018170806,0.018192844,0.016847172,0.020895522,0.01843044,0.018485391,0.013237064,0.008907363,0.011143695,0.011242604,0.011124122,0.016733987,0.015643105,0.016772701,0.015116279,0.011668611,0.008715863,0.013722127,0.007361268,0.008484163,0.010698198,0.009014085,0.005595971,0.004530011,0.007328072,0.006155568,0.005084746,0.004491859,0.004527448,0.007437071,0.004576659,0.003422704,0.007954545,0.006818182,0.005737235,0.006964597,0.006402794,0.005263158,0.004091175,0.004643064,0.005169443,0.004002287,0.003414912,0.003961517,0.003353829,0.00388673,0.003856749,0.001108033,0.002239642,0.003322259,0.00220022,0.000557414,0.000588235,0.002570694,0,0.000727802,0,0.001692047,0.000915751
1,1,Act_WashDress,0.107744108,0.1,0.104434907,0.096091205,0.091074681,0.090534979,0.144508671,0.13029316,0.095070423,0.114942529,0.125,0.117647059,0.137755102,0.105820106,0.130681818,0.102409639,0.080745342,0.113333333,0.114285714,0.134920635,0.100917431,0.090909091,0.168141593,0.194444444,0.192771084,0.197916667,0.121495327,0.166666667,0.203389831,0.248275862,0.301075269,0.275675676,0.256410256,0.251141553,0.227906977,0.258823529,0.299465241,0.266832918,0.221461187,0.265654649,0.264808362,0.275555556,0.3299389,0.304265403,0.293562232,0.28776435,0.234522942,0.255614267,0.270302312,0.233736327,0.221661055,0.235136583,0.217575437,0.216718266,0.217987805,0.177966102,0.167005076,0.149870801,0.133854167,0.140925637,0.146392838,0.134861407,0.116959064,0.106020245,0.096102509,0.092454835,0.087794433,0.082423581,0.073545554,0.068268706,0.061951754,0.054817276,0.05942275,0.051049348,0.049170955,0.046617396,0.039977156,0.039125432,0.050385299,0.048122066,0.04309327,0.035014837,0.030411449,0.028486647,0.030722892,0.035735918,0.033353548,0.03188929,0.027462687,0.026159334,0.030411449,0.024669073,0.023159145,0.025806452,0.023668639,0.028103044,0.034045009,0.034762457,0.032967033,0.026744186,0.023920653,0.029633934,0.038307604,0.043035108,0.040723982,0.039414414,0.038309859,0.045886961,0.049830125,0.047914318,0.059317292,0.061016949,0.062886019,0.073005093,0.079519451,0.073226545,0.06103822,0.060227273,0.057954545,0.049913941,0.051654092,0.048894063,0.042105263,0.043834015,0.04178758,0.03848363,0.04974271,0.047808765,0.042444822,0.046394634,0.051637979,0.061157025,0.096398892,0.080067189,0.069213732,0.085808581,0.090301003,0.106470588,0.122107969,0.083737024,0.087336245,0.102702703,0.095600677,0.103479853
1,1,Act_Iron,0.003367003,0.003797468,0.001430615,0.001628664,0.003642987,0.00617284,0.002890173,0.003257329,0.003521127,0.003831418,0.004310345,0,0,0,0,0,0,0,0,0,0,0,0,0,0,0,0,0,0,0,0,0.005405405,0.005128205,0.00456621,0.009302326,0.011764706,0.00802139,0.009975062,0.01369863,0.009487666,0.008710801,0.008888889,0.00610998,0.004739336,0.004291845,0.006042296,0.005826657,0.007265522,0.007113219,0.007484168,0.007295174,0.004284949,0.005823187,0.007223942,0.008638211,0.00997009,0.009137056,0.010335917,0.011979167,0.011440458,0.016850974,0.019189765,0.019670388,0.020777837,0.021890016,0.026036132,0.020877944,0.023471616,0.023600439,0.024030584,0.020833333,0.017718715,0.01754386,0.015882019,0.016580903,0.013644116,0.014848658,0.01438435,0.011855365,0.015258216,0.017119244,0.015430267,0.017889088,0.016617211,0.018674699,0.021199273,0.021224985,0.019855596,0.022089552,0.023186683,0.026833631,0.030685921,0.030285036,0.024046921,0.022485207,0.022248244,0.020773226,0.017960603,0.019086177,0.019186047,0.021586931,0.021499128,0.02058319,0.016987542,0.016968326,0.013513514,0.011267606,0.011191942,0.011325028,0.012401353,0.012870733,0.012429379,0.012914093,0.013582343,0.01201373,0.01201373,0.012549914,0.011363636,0.011931818,0.015490534,0.019152641,0.015715949,0.015789474,0.016364699,0.017991875,0.015508329,0.012578616,0.010244735,0.008488964,0.008943544,0.008883953,0.007713499,0.005540166,0.004479283,0.003875969,0.003850385,0.005016722,0.002941176,0.005141388,0.006228374,0.004366812,0.003861004,0.005076142,0.003663004
1,1,Act_HouseClean,0.004489338,0.008860759,0.005722461,0.006514658,0.003642987,0.002057613,0.011560694,0.006514658,0.003521127,0,0,0.004524887,0,0,0,0,0,0.006666667,0,0,0,0,0,0,0,0,0,0,0.008474576,0,0.010752688,0.016216216,0.015384615,0.00913242,0.009302326,0.023529412,0.016042781,0.007481297,0.00913242,0.017077799,0.017421603,0.017777778,0.021384929,0.031279621,0.030042918,0.026435045,0.029133285,0.042272127,0.04682869,0.051237766,0.061728395,0.072308516,0.088406564,0.089267286,0.097560976,0.115154536,0.126903553,0.134366925,0.147916667,0.144565783,0.149552396,0.158848614,0.170122275,0.167288226,0.174586225,0.158873539,0.158993576,0.153384279,0.15532382,0.143091207,0.149122807,0.136766334,0.11827957,0.1060692,0.104631218,0.090392268,0.080525414,0.077100115,0.0634262,0.065140845,0.061393152,0.072403561,0.074537865,0.07537092,0.069277108,0.067231981,0.06852638,0.070998797,0.062686567,0.064209275,0.059033989,0.060168472,0.059382423,0.059237537,0.056213018,0.057377049,0.040392383,0.038818076,0.043956044,0.036046512,0.038506418,0.037768739,0.03887936,0.032842582,0.031108597,0.028716216,0.026478873,0.020145495,0.020385051,0.02367531,0.023503078,0.025988701,0.026389669,0.022071307,0.016018307,0.017734554,0.016543069,0.017045455,0.014204545,0.013769363,0.010446895,0.012805588,0.011695906,0.009351257,0.010446895,0.008615738,0.009148085,0.011952191,0.01188455,0.011738401,0.0094392,0.007162534,0.009972299,0.008958567,0.007198228,0.00990099,0.010033445,0.005882353,0.004498715,0.005536332,0.006550218,0.006177606,0.007614213,0.004578755
1,2,Act_TV,0.511111111,0.48372093,0.527272727,0.525179856,0.517241379,0.504761905,0.475409836,0.438596491,0.403846154,0.341463415,0.365853659,0.4375,0.321428571,0.275862069,0.285714286,0.193548387,0.3,0.2,0.142857143,0.222222222,0.111111111,0.1,0.111111111,0.125,0.2,0.181818182,0.214285714,0.166666667,0.142857143,0.125,0.058823529,0.083333333,0,0.047619048,0.038461538,0,0.051282051,0.065217391,0.081632653,0.047619048,0.046511628,0.060869565,0.07480315,0.089108911,0.123209169,0.129310345,0.138728324,0.130730051,0.116094987,0.115294118,0.128289474,0.124748491,0.122926829,0.132394366,0.12360515,0.133499171,0.147607461,0.143307087,0.156,0.167634855,0.161397671,0.174773289,0.164939551,0.184707904,0.19525066,0.196185286,0.20768527,0.216438356,0.216911765,0.22462406,0.233111323,0.224903475,0.19047619,0.19030837,0.194158076,0.195689655,0.206239168,0.19982699,0.211375212,0.215450644,0.231369151,0.254799302,0.271922055,0.281076067,0.28379674,0.297474275,0.307764266,0.33079123,0.352085354,0.366829268,0.383709519,0.386729858,0.384180791,0.398891967,0.400179856,0.388788427,0.385665529,0.387654321,0.397580645,0.398617512,0.402420575,0.378438662,0.344802343,0.355810617,0.36281337,0.365635739,0.373477673,0.376657825,0.359007833,0.370515329,0.390019698,0.408706953,0.425902062,0.44373808,0.491139241,0.514807813,0.54614895,0.590879897,0.609224856,0.640228426,0.669811321,0.699309479,0.697484277,0.70460199,0.720901126,0.74122807,0.740462789,0.749379653,0.757221881,0.772104608,0.770481551,0.74508519,0.707627119,0.707725948,0.73549884,0.7075,0.685739437,0.666340509,0.599761051,0.607577808,0.578294574,0.548022599,0.538126362,0.535519126
1,2,Act_Cooking,0.07037037,0.079069767,0.060606061,0.064748201,0.051724138,0.057142857,0.081967213,0.035087719,0.057692308,0.097560976,0.048780488,0.03125,0.035714286,0.034482759,0.035714286,0.032258065,0.05,0.1,0.071428571,0.111111111,0.222222222,0.1,0,0,0.2,0.272727273,0.071428571,0.166666667,0.071428571,0.1875,0.235294118,0.25,0.2,0.095238095,0.115384615,0.153846154,0.102564103,0.195652174,0.265306122,0.253968254,0.23255814,0.182608696,0.232283465,0.194719472,0.206303725,0.230603448,0.213872832,0.235993209,0.26121372,0.228235294,0.223684211,0.229376258,0.230243902,0.230985915,0.229184549,0.208955224,0.175182482,0.198425197,0.1752,0.167634855,0.196339434,0.178895301,0.156303972,0.159793814,0.164467898,0.164396004,0.179322964,0.178082192,0.184742647,0.184210526,0.199809705,0.243243243,0.284798535,0.275770925,0.282646048,0.281034483,0.289428076,0.284602076,0.264855688,0.238626609,0.227902946,0.211169284,0.197519929,0.179962894,0.200383509,0.1898971,0.16463985,0.158245949,0.15227934,0.156097561,0.151128557,0.146919431,0.133709981,0.138504155,0.147482014,0.164556962,0.214163823,0.195884774,0.207258065,0.214285714,0.220877458,0.251301115,0.275256223,0.264705882,0.269498607,0.283848797,0.274695535,0.271220159,0.254569191,0.255707763,0.234405778,0.236517219,0.213273196,0.202161475,0.165822785,0.154379332,0.147676639,0.136801541,0.123638693,0.118654822,0.11509434,0.092906466,0.083018868,0.086442786,0.066332916,0.071428571,0.077548468,0.066377171,0.055316533,0.050435866,0.052532833,0.061598952,0.073446328,0.059766764,0.05645785,0.051666667,0.038732394,0.046966732,0.053763441,0.052774019,0.063565891,0.054613936,0.061002179,0.068306011
1,2,Act_Laundry,0.003703704,0,0,0,0,0.00952381,0,0,0,0,0,0,0,0,0,0,0,0,0,0,0,0,0,0,0,0,0,0,0,0,0,0.041666667,0.05,0,0,0.038461538,0,0.02173913,0,0,0,0,0.007874016,0.02310231,0.014326648,0.017241379,0.02504817,0.022071307,0.03298153,0.028235294,0.025219298,0.027162978,0.027317073,0.035680751,0.038626609,0.043117745,0.03974047,0.02992126,0.0352,0.0406639,0.047420965,0.048639736,0.046632124,0.042955326,0.033421284,0.055404178,0.053064959,0.050228311,0.052389706,0.042293233,0.044719315,0.02992278,0.028388278,0.032599119,0.040378007,0.03362069,0.028596187,0.020761246,0.030560272,0.023175966,0.025996534,0.030541012,0.033658105,0.030612245,0.029721956,0.022450889,0.023386342,0.032411821,0.024248303,0.026341463,0.023552502,0.023696682,0.018832392,0.023084026,0.021582734,0.012658228,0.024744027,0.019753086,0.020967742,0.028417819,0.02269289,0.017100372,0.017569546,0.016499283,0.020891365,0.013058419,0.01962111,0.013925729,0.011749347,0.009784736,0.006565988,0.008447044,0.009664948,0.01207883,0.013924051,0.015752993,0.010821133,0.008991651,0.010890455,0.008248731,0.010691824,0.010043942,0.008805031,0.006218905,0.006257822,0.007518797,0.004377736,0.006203474,0.007375538,0.00622665,0.003752345,0.005242464,0.000706215,0.002915452,0.005413766,0.005833333,0.004401408,0.003913894,0.004778973,0.00270636,0.003100775,0.001883239,0.006535948,0.010928962
1,2,Act_WashDress,0.233333333,0.162790698,0.121212121,0.136690647,0.103448276,0.152380952,0.131147541,0.122807018,0.173076923,0.170731707,0.170731707,0.0625,0.071428571,0.034482759,0.071428571,0.193548387,0.05,0.05,0.214285714,0.222222222,0.111111111,0.1,0.333333333,0,0.1,0.545454545,0.285714286,0.166666667,0.071428571,0.125,0.352941176,0.458333333,0.45,0.476190476,0.346153846,0.192307692,0.358974359,0.369565217,0.346938776,0.285714286,0.372093023,0.391304348,0.5,0.448844884,0.421203438,0.390086207,0.404624277,0.41426146,0.419525066,0.429411765,0.387061404,0.362173038,0.329756098,0.317370892,0.345064378,0.306799337,0.274939173,0.284251969,0.2592,0.260580913,0.275374376,0.225886232,0.191709845,0.189003436,0.163588391,0.182561308,0.191216834,0.17716895,0.151654412,0.133458647,0.123691722,0.11969112,0.122710623,0.111894273,0.099656357,0.080172414,0.079722704,0.067474048,0.072156197,0.073819742,0.067590988,0.060209424,0.056687334,0.051020408,0.071907958,0.061739944,0.049579046,0.048617731,0.040737148,0.043902439,0.048086359,0.048341232,0.042372881,0.041551247,0.034172662,0.032549729,0.046075085,0.050205761,0.054032258,0.050691244,0.053706505,0.055018587,0.057833089,0.065997131,0.06545961,0.069415808,0.068335589,0.083554377,0.09921671,0.107632094,0.108995404,0.108512021,0.118556701,0.115066751,0.120253165,0.115942029,0.098026735,0.091843288,0.092889174,0.089467005,0.08427673,0.077212806,0.074842767,0.070273632,0.068210263,0.067669173,0.06504065,0.069478908,0.064535956,0.073474471,0.073170732,0.096985583,0.154661017,0.13483965,0.105955143,0.126666667,0.125,0.130136986,0.187574671,0.154262517,0.162790698,0.175141243,0.156862745,0.12295082
1,2,Act_Iron,0.003703704,0,0,0,0,0,0,0,0,0,0,0,0,0,0,0,0,0,0,0,0,0,0,0,0,0,0,0,0,0,0,0,0,0,0,0,0,0,0,0,0,0,0.007874016,0.00990099,0,0.004310345,0.007707129,0.005093379,0.005277045,0.003529412,0.004385965,0.009054326,0.009756098,0.014084507,0.015450644,0.016583748,0.0162206,0.020472441,0.0152,0.020746888,0.024126456,0.027205276,0.025906736,0.030068729,0.031662269,0.027247956,0.030192132,0.030136986,0.028492647,0.033834586,0.038058991,0.035714286,0.034798535,0.032599119,0.026632302,0.031896552,0.031195841,0.022491349,0.016977929,0.020600858,0.021663778,0.020942408,0.019486271,0.027829314,0.029721956,0.028063611,0.032740879,0.035271687,0.035887488,0.029268293,0.034347399,0.029383886,0.032015066,0.03601108,0.038669065,0.043399638,0.033276451,0.036213992,0.036290323,0.029185868,0.031770045,0.029739777,0.026354319,0.025824964,0.026462396,0.024054983,0.02368065,0.020557029,0.017624021,0.021526419,0.018384767,0.02274204,0.021907216,0.022250477,0.018987342,0.015122873,0.013367282,0.01734104,0.01665599,0.019035533,0.018867925,0.019460138,0.021383648,0.024253731,0.02252816,0.019423559,0.016260163,0.014888337,0.014136447,0.019302615,0.018136335,0.018348624,0.012711864,0.013119534,0.012374323,0.010833333,0.01056338,0.007827789,0.007168459,0.0067659,0.00620155,0.005649718,0.004357298,0.008196721
1,2,Act_HouseClean,0.018518519,0.013953488,0,0.007194245,0.017241379,0.019047619,0.049180328,0.035087719,0.019230769,0.024390244,0.024390244,0.03125,0.035714286,0.068965517,0.035714286,0.032258065,0.05,0.1,0.071428571,0.111111111,0.111111111,0.1,0,0,0.1,0,0.071428571,0,0,0.0625,0.117647059,0.041666667,0,0,0,0,0.025641026,0.02173913,0.040816327,0.047619048,0.058139535,0.026086957,0.015748031,0.02640264,0.042979943,0.056034483,0.057803468,0.062818336,0.064643799,0.065882353,0.077850877,0.09054326,0.112195122,0.121126761,0.141630901,0.154228856,0.161394972,0.171653543,0.1952,0.195850622,0.18968386,0.200329761,0.224525043,0.222508591,0.219876869,0.205267938,0.190301921,0.18630137,0.184742647,0.17575188,0.166508088,0.159266409,0.144688645,0.134801762,0.129725086,0.123275862,0.127383016,0.108131488,0.077249576,0.079828326,0.08492201,0.082897033,0.088573959,0.100185529,0.085330777,0.088868101,0.085126286,0.09056244,0.090203686,0.088780488,0.084396467,0.08436019,0.076271186,0.078485688,0.080935252,0.084990958,0.062286689,0.069958848,0.063709677,0.050691244,0.050680787,0.048327138,0.046852123,0.050932568,0.04735376,0.052233677,0.055480379,0.051724138,0.049608355,0.043052838,0.042022324,0.035737492,0.038015464,0.03941513,0.034177215,0.041587902,0.034373011,0.029543995,0.030108905,0.032360406,0.025157233,0.018832392,0.022012579,0.018656716,0.014392991,0.01566416,0.01438399,0.010545906,0.011677935,0.010585305,0.011257036,0.015072084,0.014830508,0.013848397,0.01778809,0.014166667,0.01056338,0.006849315,0.014336918,0.01759134,0.009302326,0.013182674,0.013071895,0.013661202
1,3,Act_TV,0.741935484,0.769230769,0.740740741,0.714285714,0.722222222,0.733333333,0.777777778,0.625,0.5,0.5,0.285714286,0.5,0.5,0,0,0,0,0,0,0,0,0,0,0,1,1,0,0.5,0.5,0,0.5,0.5,0.5,0.5,1,1,0,0,0,0,0.25,0.4,0.153846154,0.166666667,0.2,0.315789474,0.416666667,0.4,0.337349398,0.333333333,0.3828125,0.34751773,0.394366197,0.418918919,0.365079365,0.359605911,0.330275229,0.356828194,0.330396476,0.393162393,0.375464684,0.435424354,0.444444444,0.39453125,0.436293436,0.438016529,0.37826087,0.38247012,0.38559322,0.384297521,0.389121339,0.388888889,0.413385827,0.392712551,0.400793651,0.357723577,0.38247012,0.387096774,0.33877551,0.387596899,0.408396947,0.373493976,0.373443983,0.422310757,0.381322957,0.415254237,0.460526316,0.487179487,0.482758621,0.459915612,0.462882096,0.513043478,0.539130435,0.554585153,0.566666667,0.557312253,0.533333333,0.531365314,0.545138889,0.55033557,0.563106796,0.555910543,0.536023055,0.566666667,0.543478261,0.528150134,0.518617021,0.535809019,0.487373737,0.529268293,0.542579075,0.553140097,0.58968059,0.600508906,0.674129353,0.670792079,0.680387409,0.705,0.74120603,0.773067332,0.757033248,0.74563591,0.753658537,0.788557214,0.82962963,0.824561404,0.803191489,0.825613079,0.876080692,0.847701149,0.846820809,0.852564103,0.820083682,0.825,0.837104072,0.808510638,0.810344828,0.825503356,0.810344828,0.776595745,0.765432099,0.719298246,0.688888889,0.815789474
1,3,Act_Cooking,0.032258065,0.038461538,0.074074074,0,0,0.066666667,0,0,0,0.125,0,0,0,0,0,0,1,0,0,0,0,0,0,0,0,0,0,0,0,0,0,0,0.5,0,0,0,0,0,0,0.333333333,0,0.2,0.307692308,0.333333333,0.3,0.315789474,0.25,0.254545455,0.313253012,0.219047619,0.2265625,0.226950355,0.204225352,0.243243243,0.19047619,0.18226601,0.243119266,0.211453744,0.224669604,0.230769231,0.234200743,0.217712177,0.240143369,0.1875,0.177606178,0.219008264,0.208695652,0.167330677,0.165254237,0.219008264,0.255230126,0.261904762,0.307086614,0.28340081,0.301587302,0.268292683,0.274900398,0.290322581,0.297959184,0.26744186,0.255725191,0.289156627,0.253112033,0.278884462,0.303501946,0.245762712,0.228070175,0.226495726,0.155172414,0.139240506,0.15720524,0.134782609,0.139130435,0.15720524,0.1625,0.177865613,0.244444444,0.225092251,0.236111111,0.265100671,0.245954693,0.297124601,0.319884726,0.316666667,0.320652174,0.329758713,0.353723404,0.358090186,0.333333333,0.302439024,0.265206813,0.234299517,0.228501229,0.234096692,0.208955224,0.21039604,0.18401937,0.1625,0.14321608,0.134663342,0.125319693,0.117206983,0.109756098,0.094527363,0.083950617,0.107769424,0.122340426,0.081743869,0.074927954,0.060344828,0.046242775,0.048076923,0.058577406,0.066666667,0.081447964,0.053191489,0.045977011,0.053691275,0.094827586,0.106382979,0.086419753,0.087719298,0,0
1,3,Act_Laundry,0,0,0,0,0,0,0,0,0,0,0,0,0,0,0,0,0,0,0,0,0,0,0,0,0,0,0,0,0,0,0,0,0,0,0,0,0,0,0,0,0,0.2,0.076923077,0,0.033333333,0,0.041666667,0.054545455,0,0.019047619,0.03125,0.056737589,0.042253521,0.047297297,0.031746032,0.044334975,0.041284404,0.066079295,0.074889868,0.051282051,0.055762082,0.066420664,0.032258065,0.03125,0.046332046,0.070247934,0.091304348,0.083665339,0.080508475,0.049586777,0.058577406,0.055555556,0.059055118,0.044534413,0.031746032,0.044715447,0.023904382,0.044354839,0.036734694,0.042635659,0.022900763,0.040160643,0.037344398,0.043824701,0.054474708,0.029661017,0.026315789,0.017094017,0.021551724,0.016877637,0.052401747,0.017391304,0.013043478,0.026200873,0.033333333,0.035573123,0.044444444,0.04797048,0.034722222,0.033557047,0.025889968,0.015974441,0.020172911,0.013888889,0.02173913,0.016085791,0.021276596,0.021220159,0.02020202,0.012195122,0.00729927,0.014492754,0.01965602,0.017811705,0.007462687,0.004950495,0.00968523,0,0.002512563,0.007481297,0.007672634,0.004987531,0.009756098,0.017412935,0.017283951,0.01754386,0.015957447,0.019073569,0.017291066,0.014367816,0.011560694,0.009615385,0.008368201,0.020833333,0.018099548,0.015957447,0.011494253,0,0,0.010638298,0.012345679,0.01754386,0,0
1,3,Act_WashDress,0.193548387,0.192307692,0.222222222,0.19047619,0.166666667,0,0.111111111,0,0.166666667,0,0.285714286,0.25,0,0,0,0,0,0,0,0,0,0,0,0,0,0,0,0.5,0,0,0.5,0,0,0,0,0,0,0,0.5,1,0.75,0.2,0.769230769,0.833333333,0.566666667,0.5,0.5,0.6,0.614457831,0.571428571,0.4609375,0.489361702,0.514084507,0.472972973,0.55026455,0.507389163,0.463302752,0.462555066,0.418502203,0.414529915,0.412639405,0.409594096,0.329749104,0.30078125,0.33976834,0.289256198,0.352173913,0.334661355,0.305084746,0.330578512,0.288702929,0.265873016,0.177165354,0.170040486,0.146825397,0.134146341,0.119521912,0.129032258,0.187755102,0.15503876,0.103053435,0.108433735,0.099585062,0.103585657,0.097276265,0.093220339,0.105263158,0.106837607,0.077586207,0.092827004,0.096069869,0.086956522,0.060869565,0.074235808,0.079166667,0.083003953,0.074074074,0.088560886,0.079861111,0.100671141,0.097087379,0.089456869,0.109510086,0.097222222,0.10326087,0.120643432,0.125,0.148541114,0.196969697,0.190243902,0.167883212,0.188405797,0.203931204,0.198473282,0.189054726,0.190594059,0.196125908,0.1875,0.175879397,0.172069825,0.181585678,0.174563591,0.170731707,0.154228856,0.138271605,0.135338346,0.170212766,0.160762943,0.178674352,0.192528736,0.199421965,0.217948718,0.225941423,0.191666667,0.194570136,0.186170213,0.189655172,0.167785235,0.206896552,0.223404255,0.222222222,0.228070175,0.177777778,0.210526316
1,3,Act_Iron,0,0,0,0,0,0,0,0,0,0,0,0,0,0,0,0,0,0,0,0,0,0,0,0,0,0,0,0,0,0,0,0,0,0,0,0,0,0,0,0,0,0,0,0,0.033333333,0,0.020833333,0,0.036144578,0.019047619,0.0078125,0.014184397,0.021126761,0.02027027,0.005291005,0.009852217,0.013761468,0.008810573,0.008810573,0.017094017,0.026022305,0.025830258,0.039426523,0.0234375,0.019305019,0.016528926,0.017391304,0.019920319,0.021186441,0.02892562,0.033472803,0.03968254,0.023622047,0.032388664,0.035714286,0.044715447,0.039840637,0.028225806,0.016326531,0.019379845,0.019083969,0.02811245,0.020746888,0.027888446,0.019455253,0.016949153,0.026315789,0.025641026,0.038793103,0.042194093,0.03930131,0.047826087,0.060869565,0.061135371,0.0625,0.04743083,0.040740741,0.044280443,0.038194444,0.040268456,0.055016181,0.047923323,0.040345821,0.047222222,0.043478261,0.045576408,0.045212766,0.023872679,0.022727273,0.026829268,0.02676399,0.031400966,0.027027027,0.03562341,0.024875622,0.027227723,0.024213075,0.0325,0.01758794,0.019950125,0.015345269,0.017456359,0.02195122,0.017412935,0.012345679,0.01754386,0.026595745,0.024523161,0.040345821,0.031609195,0.023121387,0.032051282,0.029288703,0.025,0.018099548,0.005319149,0,0.006711409,0.00862069,0,0,0.01754386,0.022222222,0
1,3,Act_HouseClean,0.032258065,0.038461538,0.037037037,0,0,0.066666667,0.111111111,0,0,0,0.142857143,0,0,0,0,0,1,0,0,0,0,0,0,0,0,0,0,0,0,0,0,0,0,0,0,0,0,0,0,0,0.25,0,0,0,0,0,0.020833333,0.018181818,0.108433735,0.133333333,0.09375,0.127659574,0.183098592,0.155405405,0.164021164,0.21182266,0.188073394,0.193832599,0.215859031,0.217948718,0.197026022,0.21402214,0.222222222,0.25390625,0.258687259,0.256198347,0.269565217,0.258964143,0.288135593,0.26446281,0.292887029,0.277777778,0.208661417,0.165991903,0.170634921,0.142276423,0.15936255,0.165322581,0.126530612,0.112403101,0.122137405,0.136546185,0.116182573,0.103585657,0.108949416,0.13559322,0.157894737,0.158119658,0.163793103,0.135021097,0.11790393,0.117391304,0.113043478,0.07860262,0.070833333,0.098814229,0.1,0.084870849,0.086805556,0.077181208,0.084142395,0.063897764,0.04610951,0.036111111,0.048913043,0.058981233,0.071808511,0.066312997,0.060606061,0.056097561,0.055961071,0.060386473,0.058968059,0.055979644,0.054726368,0.04950495,0.055690073,0.0625,0.06281407,0.034912718,0.046035806,0.032418953,0.031707317,0.032338308,0.034567901,0.042606516,0.021276596,0.029972752,0.034582133,0.022988506,0.020231214,0.022435897,0.037656904,0.033333333,0.027149321,0.021276596,0.017241379,0.020134228,0.034482759,0.021276596,0.049382716,0.035087719,0.044444444,0.026315789
1,4,Act_TV,0.571428571,0.5,0.333333333,0.166666667,0.2,0,0,0,0,0,0.5,0,0,0,0,0,0,0,0,0,0,0,0,0,1,1,1,1,1,1,1,0,0,0,0,0,0,0,0,0,0,1,1,0.5,0.25,0.333333333,0.428571429,0.555555556,0.52173913,0.482758621,0.454545455,0.704545455,0.547169811,0.537037037,0.537313433,0.571428571,0.527777778,0.487804878,0.519480519,0.662162162,0.628571429,0.581081081,0.647887324,0.578947368,0.563380282,0.579710145,0.53030303,0.53968254,0.492307692,0.516666667,0.432835821,0.5,0.385964912,0.441176471,0.380952381,0.386666667,0.358974359,0.402777778,0.333333333,0.341772152,0.363636364,0.529411765,0.48,0.420289855,0.461538462,0.466666667,0.465753425,0.535211268,0.544117647,0.603174603,0.565217391,0.457142857,0.442857143,0.481012658,0.487804878,0.518987342,0.558139535,0.569892473,0.568181818,0.648351648,0.571428571,0.537735849,0.450819672,0.46969697,0.47761194,0.571428571,0.54887218,0.552238806,0.529411765,0.590604027,0.582278481,0.601156069,0.634285714,0.613636364,0.63372093,0.683615819,0.776536313,0.775862069,0.781065089,0.840490798,0.825,0.820987654,0.816455696,0.833333333,0.824675325,0.884615385,0.871621622,0.856164384,0.828767123,0.868613139,0.888888889,0.912087912,0.802816901,0.787878788,0.825396825,0.82,0.926829268,0.942857143,0.9,0.736842105,0.75,0.833333333,0.818181818,0.714285714
1,4,Act_Cooking,0,0.125,0,0,0,0,0,0,0,0,0,0,0,0,1,1,0,0,0,0,0,0,0,0,0,0,0,0,0,0,0,0,0,0,1,0,0,0,0,0,0,0,0.666666667,0.625,0.625,0.333333333,0.285714286,0.333333333,0.434782609,0.310344828,0.212121212,0.136363636,0.188679245,0.240740741,0.28358209,0.185714286,0.194444444,0.219512195,0.246753247,0.297297297,0.214285714,0.256756757,0.253521127,0.236842105,0.225352113,0.202898551,0.196969697,0.174603175,0.2,0.15,0.23880597,0.327586207,0.473684211,0.352941176,0.349206349,0.333333333,0.320512821,0.347222222,0.308641975,0.278481013,0.246753247,0.205882353,0.213333333,0.275362319,0.2,0.2,0.191780822,0.197183099,0.205882353,0.158730159,0.231884058,0.185714286,0.142857143,0.126582278,0.158536585,0.202531646,0.313953488,0.290322581,0.25,0.241758242,0.306122449,0.330188679,0.459016393,0.409090909,0.402985075,0.413533835,0.338345865,0.246268657,0.316176471,0.348993289,0.360759494,0.323699422,0.28,0.255681818,0.25,0.259887006,0.240223464,0.189655172,0.142011834,0.153374233,0.13125,0.111111111,0.075949367,0.076923077,0.051948052,0.064102564,0.054054054,0.04109589,0.054794521,0.087591241,0.076923077,0.043956044,0.098591549,0.060606061,0.063492063,0.02,0.024390244,0.028571429,0.15,0.157894737,0.083333333,0.166666667,0.090909091,0
1,4,Act_Laundry,0,0,0,0,0,0,0,0,0,0,0,0,0,0,0,0,0,0,0,0,0,0,0,0,0,0,0,0,0,0,0,0,0,0,0,0,0,0,0,0,0,0,0,0,0,0,0,0,0.043478261,0.034482759,0.090909091,0.022727273,0.056603774,0.074074074,0.044776119,0.042857143,0.027777778,0.073170732,0.025974026,0.081081081,0.1,0.054054054,0.056338028,0.078947368,0.084507042,0.057971014,0.060606061,0.031746032,0.046153846,0.083333333,0.029850746,0.017241379,0.035087719,0.058823529,0.063492063,0.053333333,0.038461538,0,0.024691358,0.025316456,0.038961039,0.044117647,0.04,0.072463768,0.061538462,0.026666667,0.01369863,0.084507042,0.044117647,0.063492063,0.043478261,0.028571429,0.042857143,0.012658228,0.024390244,0.025316456,0.034883721,0.032258065,0.022727273,0.032967033,0.071428571,0.075471698,0.049180328,0.015151515,0.014925373,0.030075188,0.030075188,0.029850746,0.022058824,0.026845638,0.006329114,0.005780347,0.005714286,0.017045455,0.01744186,0.005649718,0,0.011494253,0.017751479,0.042944785,0.01875,0.00617284,0.012658228,0,0.006493506,0.006410256,0,0.006849315,0.006849315,0,0,0,0.028169014,0,0,0,0,0,0,0,0,0,0,0
1,4,Act_WashDress,0.142857143,0.125,0,0.166666667,0,0.25,0.333333333,0.5,0.5,0,0,0,0,0,0,0,0,0,0,0,0,0,0,0,0,0,0,0,0,0,0,0,0,0,1,0,0,0,0,0,0,1,0.333333333,0.5,0.625,0.888888889,0.714285714,0.666666667,0.652173913,0.620689655,0.636363636,0.522727273,0.490566038,0.537037037,0.582089552,0.514285714,0.597222222,0.524390244,0.493506494,0.472972973,0.428571429,0.405405405,0.366197183,0.486842105,0.478873239,0.463768116,0.484848485,0.412698413,0.446153846,0.333333333,0.328358209,0.275862069,0.385964912,0.25,0.26984127,0.2,0.153846154,0.180555556,0.160493827,0.126582278,0.155844156,0.205882353,0.146666667,0.130434783,0.107692308,0.106666667,0.164383562,0.112676056,0.088235294,0.063492063,0.115942029,0.1,0.1,0.050632911,0.012195122,0.037974684,0.104651163,0.11827957,0.136363636,0.098901099,0.081632653,0.08490566,0.106557377,0.121212121,0.179104478,0.120300752,0.180451128,0.149253731,0.213235294,0.22147651,0.240506329,0.248554913,0.28,0.232954545,0.273255814,0.254237288,0.262569832,0.25862069,0.236686391,0.208588957,0.23125,0.24691358,0.253164557,0.217948718,0.24025974,0.25,0.324324324,0.287671233,0.253424658,0.204379562,0.145299145,0.241758242,0.309859155,0.333333333,0.285714286,0.24,0.195121951,0.228571429,0.15,0.473684211,0.333333333,0.25,0.090909091,0
1,4,Act_Iron,0,0,0,0,0,0,0,0,0,0,0,0,0,0,0,0,0,0,0,0,0,0,0,0,0,0,0,0,0,0,0,0,0,0,0,0,0,0,0,0,0,0,0,0,0,0,0,0,0,0.034482759,0.03030303,0.022727273,0.018867925,0.037037037,0.029850746,0.014285714,0.013888889,0.012195122,0.012987013,0.027027027,0.014285714,0.013513514,0.042253521,0.026315789,0.056338028,0.072463768,0.045454545,0.031746032,0.046153846,0.033333333,0.014925373,0.017241379,0.01754386,0.014705882,0.015873016,0.013333333,0.012820513,0.041666667,0.037037037,0.012658228,0.012987013,0.014705882,0.013333333,0,0.046153846,0.04,0.02739726,0.028169014,0.058823529,0.079365079,0.086956522,0.085714286,0.114285714,0.101265823,0.073170732,0.050632911,0.046511628,0.075268817,0.090909091,0.087912088,0.06122449,0.047169811,0.049180328,0.060606061,0.067164179,0.030075188,0.037593985,0.044776119,0.022058824,0.013422819,0.018987342,0.028901734,0.022857143,0.034090909,0.052325581,0.033898305,0.044692737,0.045977011,0.035502959,0.030674847,0.04375,0.043209877,0.044303797,0.057692308,0.064935065,0.044871795,0.047297297,0.02739726,0.020547945,0.01459854,0.017094017,0.021978022,0.028169014,0.03030303,0.031746032,0.04,0.048780488,0.028571429,0.05,0.052631579,0.166666667,0.083333333,0.090909091,0
1,4,Act_HouseClean,0,0.125,0.166666667,0.166666667,0.2,0.25,0,0,0,0,0,0,1,1,1,1,0,0,0,0,0,0,0,0,0,0,0,0,0,0,0,0,0,0,0,0,0,0,0,0,0,0,0.333333333,0.125,0.125,0.111111111,0.142857143,0.222222222,0.086956522,0.103448276,0.121212121,0.181818182,0.264150943,0.222222222,0.23880597,0.228571429,0.222222222,0.207317073,0.194805195,0.162162162,0.214285714,0.243243243,0.211267606,0.210526316,0.183098592,0.202898551,0.166666667,0.206349206,0.246153846,0.266666667,0.298507463,0.25862069,0.263157895,0.191176471,0.19047619,0.16,0.166666667,0.125,0.086419753,0.164556962,0.168831169,0.132352941,0.106666667,0.101449275,0.123076923,0.066666667,0.109589041,0.112676056,0.147058824,0.111111111,0.130434783,0.185714286,0.171428571,0.164556962,0.182926829,0.139240506,0.139534884,0.11827957,0.147727273,0.164835165,0.163265306,0.094339623,0.057377049,0.037878788,0.044776119,0.07518797,0.067669173,0.082089552,0.080882353,0.060402685,0.063291139,0.063583815,0.085714286,0.073863636,0.046511628,0.096045198,0.067039106,0.022988506,0.023668639,0.018404908,0.025,0.043209877,0.037974684,0.051282051,0.038961039,0.051282051,0.047297297,0.034246575,0.01369863,0.02189781,0.025641026,0.021978022,0.014084507,0.015151515,0.031746032,0.08,0.073170732,0.085714286,0.1,0.052631579,0,0,0,0
1,5,Act_TV,0,0,0,0,0,0,0,0,0,0,0,0,0,0,0,0,0,0,0,0,0,0,0,0,0,0,0,0,0,0,0,0,0,0,0,0,0,0,0,0,0,0,0,0,0,1,0.5,0.5,0.666666667,0.75,0.75,0.444444444,0.555555556,0.625,0.454545455,0.4,0.5,0.571428571,0.615384615,0.6,0.666666667,0.7,0.555555556,0.571428571,0.75,0.75,0.833333333,0.833333333,0.571428571,0.7,0.909090909,0.727272727,0.666666667,0.538461538,0.583333333,0.357142857,0.692307692,0.538461538,0.333333333,0.428571429,0.285714286,0.470588235,0.571428571,0.5,0.2,0.111111111,0.4,0.571428571,0.777777778,0.857142857,0.714285714,0.714285714,0.571428571,0.571428571,0.5,0.4,0.692307692,0.8,0.714285714,0.777777778,0.789473684,0.722222222,0.714285714,0.625,0.65,0.769230769,0.741935484,0.75862069,0.722222222,0.676470588,0.705882353,0.75,0.615384615,0.806451613,0.7,0.717948718,0.780487805,0.813953488,0.780487805,0.829268293,0.888888889,0.918918919,0.918918919,0.875,0.8,0.9,0.931034483,0.925925926,0.884615385,0.909090909,0.904761905,0.857142857,0.8,0.857142857,0.818181818,0.818181818,0.8,0.75,0.666666667,0.666666667,0.666666667,0.5,0.5,0.333333333
1,5,Act_Cooking,0,0,0,0,0,0,0,0,0,0,0,0,0,0,0,0,0,0,0,0,0,0,0,0,0,0,0,0,0,0,0,0,0,0,0,0,0,0,0,0,0,0,0,0,0,0,0,0,0.333333333,0.25,0.5,0.444444444,0.222222222,0.375,0.454545455,0.5,0.4,0.285714286,0.153846154,0.2,0.555555556,0.3,0.222222222,0.285714286,0.125,0.125,0.333333333,0.166666667,0.142857143,0.2,0.181818182,0.272727273,0.266666667,0.384615385,0.333333333,0.5,0.230769231,0.307692308,0.4,0.357142857,0.214285714,0.235294118,0.142857143,0.25,0.2,0.111111111,0.4,0.142857143,0.222222222,0.142857143,0.142857143,0.142857143,0.142857143,0,0.125,0.1,0.307692308,0.533333333,0.357142857,0.444444444,0.421052632,0.5,0.571428571,0.375,0.35,0.307692308,0.451612903,0.379310345,0.416666667,0.352941176,0.294117647,0.214285714,0.230769231,0.322580645,0.3,0.282051282,0.219512195,0.093023256,0.024390244,0.048780488,0.111111111,0.162162162,0.081081081,0.075,0.1,0.1,0.068965517,0.074074074,0.076923077,0.045454545,0.047619048,0.142857143,0.2,0.142857143,0,0,0,0,0,0,0,0,0,0
1,5,Act_Laundry,0,0,0,0,0,0,0,0,0,0,0,0,0,0,0,0,0,0,0,0,0,0,0,0,0,0,0,0,0,0,0,0,0,0,0,0,0,0,0,0,0,0,0,0,0,0,0,0,0,0.25,0,0.111111111,0,0,0.090909091,0,0.1,0,0,0,0,0,0.111111111,0.142857143,0.25,0.25,0,0,0,0,0.090909091,0,0,0,0.083333333,0,0.153846154,0.076923077,0.066666667,0.142857143,0.071428571,0.117647059,0.214285714,0,0.1,0.111111111,0.1,0.142857143,0,0.285714286,0.142857143,0.142857143,0,0,0,0,0,0,0,0,0,0,0,0,0.1,0.038461538,0,0,0,0,0,0,0,0,0,0.051282051,0.048780488,0.046511628,0,0,0,0.027027027,0,0,0,0,0.068965517,0.037037037,0.038461538,0.045454545,0,0,0,0,0,0,0,0,0,0,0,0,0,0
1,5,Act_WashDress,0,0,0,0,0,0,0,0,0,0,0,0,0,0,0,0,0,0,0,0,0,0,0,0,0,0,0,0,0,0,0,0,0,0,0,0,0,0,0,0,0,0,0,0,0,1,1,1,0.666666667,0.75,0.5,0.555555556,0.555555556,0.5,0.454545455,0.6,0.7,0.714285714,0.615384615,0.6,0.666666667,0.5,0.555555556,0.571428571,0.5,0.375,0.5,0.666666667,0.285714286,0.5,0.363636364,0.181818182,0.4,0.538461538,0.583333333,0.428571429,0.307692308,0.230769231,0.133333333,0.142857143,0.142857143,0.176470588,0.214285714,0.166666667,0,0,0,0,0.111111111,0.142857143,0.285714286,0.285714286,0.428571429,0.142857143,0,0,0.230769231,0.133333333,0.142857143,0.166666667,0.105263158,0.111111111,0.142857143,0.1875,0.25,0.307692308,0.193548387,0.172413793,0.194444444,0.264705882,0.264705882,0.25,0.269230769,0.290322581,0.3,0.205128205,0.243902439,0.23255814,0.268292683,0.219512195,0.388888889,0.378378378,0.27027027,0.25,0.275,0.3,0.310344828,0.222222222,0.153846154,0.136363636,0.142857143,0.142857143,0.2,0.357142857,0.090909091,0.181818182,0.1,0.125,0.166666667,0,0,0,0,0
1,5,Act_Iron,0,0,0,0,0,0,0,0,0,0,0,0,0,0,0,0,0,0,0,0,0,0,0,0,0,0,0,0,0,0,0,0,0,0,0,0,0,0,0,0,0,0,0,0,0,0,0,0,0,0,0,0,0,0,0,0,0,0,0,0,0,0,0,0,0,0.125,0,0,0,0,0.090909091,0,0,0.076923077,0.083333333,0.071428571,0.076923077,0,0,0,0,0,0,0.083333333,0,0,0,0,0,0,0,0,0,0,0,0,0,0.066666667,0.071428571,0.111111111,0.105263158,0.055555556,0.071428571,0.0625,0.05,0.076923077,0.032258065,0.034482759,0.055555556,0.058823529,0.058823529,0.071428571,0.076923077,0.032258065,0.025,0.025641026,0,0,0,0,0,0,0,0.025,0.025,0.066666667,0.103448276,0.111111111,0.076923077,0.090909091,0.047619048,0.071428571,0,0,0,0,0,0,0,0,0,0,0,0
1,5,Act_HouseClean,0.5,0,0,0,0,0,0,0,0,0,0,0,0,0,0,0,0,0,0,0,0,0,0,0,0,0,0,0,0,0,0,0,0,0,0,0,0,0,0,0,0,0,0,0,0,0,0,0,0,0.25,0,0,0.111111111,0.125,0.090909091,0.2,0.1,0.142857143,0.307692308,0.2,0.222222222,0.4,0.555555556,0.142857143,0.125,0.125,0.166666667,0.166666667,0.428571429,0.4,0.272727273,0.363636364,0.333333333,0.230769231,0.166666667,0.285714286,0.384615385,0.307692308,0.266666667,0.142857143,0.142857143,0.294117647,0.357142857,0.25,0.1,0.222222222,0.2,0.285714286,0.111111111,0.142857143,0.142857143,0.142857143,0.142857143,0.285714286,0.25,0.2,0.230769231,0.2,0.285714286,0.222222222,0.210526316,0.166666667,0.214285714,0.1875,0.15,0.076923077,0.129032258,0.206896552,0.138888889,0.058823529,0.058823529,0.035714286,0.038461538,0,0,0.051282051,0.024390244,0.093023256,0.073170732,0.048780488,0.027777778,0.054054054,0.108108108,0.05,0.05,0.066666667,0.068965517,0.074074074,0.076923077,0.045454545,0.095238095,0,0,0,0,0.090909091,0,0,0,0,0,0,0,0
